[2026-03-16 21:53:12] [INFO] ──────────── chunkflow session started ────────────
[2026-03-16 21:53:12] [INFO ] Records: 1259 | Chunks: 63 | Chunk size: 20 | Threads: 8
[2026-03-16 21:53:12] [INFO ] Chunk 0 started (20 records) [thread 3]
[2026-03-16 21:53:12] [INFO ] Chunk 2 started (20 records) [thread 1]
[2026-03-16 21:53:12] [INFO ] Chunk 3 started (20 records) [thread 4]
[2026-03-16 21:53:12] [INFO ] Chunk 1 started (20 records) [thread 2]
[2026-03-16 21:53:12] [INFO ] Chunk 4 started (20 records) [thread 0]
[2026-03-16 21:53:12] [INFO ] Chunk 5 started (20 records) [thread 5]
[2026-03-16 21:53:12] [INFO ] Chunk 6 started (20 records) [thread 6]
[2026-03-16 21:53:12] [INFO ] Chunk 7 started (20 records) [thread 7]
[2026-03-16 21:53:12] [ERROR] Chunk 0 FAILED — Python exception: KeyError: 'Project Start and Expiration date'

At:
  c:\Users\Amber\Downloads\minor project\rera_process.py(54): process_rera_row

[2026-03-16 21:53:12] [ERROR] Chunk 1 FAILED — Python exception: KeyError: 'Project Start and Expiration date'

At:
  c:\Users\Amber\Downloads\minor project\rera_process.py(54): process_rera_row

[2026-03-16 21:53:12] [INFO ] Chunk 8 started (20 records) [thread 3]
[2026-03-16 21:53:12] [ERROR] Chunk 6 FAILED — Python exception: KeyError: 'Project Start and Expiration date'

At:
  c:\Users\Amber\Downloads\minor project\rera_process.py(54): process_rera_row

[2026-03-16 21:53:12] [INFO ] Chunk 10 started (20 records) [thread 6]
[2026-03-16 21:53:12] [ERROR] Chunk 3 FAILED — Python exception: KeyError: 'Project Start and Expiration date'

At:
  c:\Users\Amber\Downloads\minor project\rera_process.py(54): process_rera_row

[2026-03-16 21:53:12] [INFO ] Chunk 9 started (20 records) [thread 2]
[2026-03-16 21:53:12] [ERROR] Chunk 8 FAILED — Python exception: KeyError: 'Project Start and Expiration date'

At:
  c:\Users\Amber\Downloads\minor project\rera_process.py(54): process_rera_row

[2026-03-16 21:53:12] [INFO ] Chunk 11 started (20 records) [thread 4]
[2026-03-16 21:53:12] [ERROR] Chunk 4 FAILED — Python exception: KeyError: 'Project Start and Expiration date'

At:
  c:\Users\Amber\Downloads\minor project\rera_process.py(54): process_rera_row
  c:\Users\Amber\Downloads\minor project\chunkflow\__init__.py(165): process
  c:\Users\Amber\Downloads\minor project\rera_process.py(120): <module>

[2026-03-16 21:53:12] [ERROR] Chunk 5 FAILED — Python exception: KeyError: 'Project Start and Expiration date'

At:
  c:\Users\Amber\Downloads\minor project\rera_process.py(54): process_rera_row

[2026-03-16 21:53:12] [INFO ] Chunk 12 started (20 records) [thread 3]
[2026-03-16 21:53:12] [INFO ] Chunk 13 started (20 records) [thread 0]
[2026-03-16 21:53:12] [ERROR] Chunk 9 FAILED — Python exception: KeyError: 'Project Start and Expiration date'

At:
  c:\Users\Amber\Downloads\minor project\rera_process.py(54): process_rera_row

[2026-03-16 21:53:12] [ERROR] Chunk 2 FAILED — Python exception: KeyError: 'Project Start and Expiration date'

At:
  c:\Users\Amber\Downloads\minor project\rera_process.py(54): process_rera_row

[2026-03-16 21:53:12] [ERROR] Chunk 12 FAILED — Python exception: KeyError: 'Project Start and Expiration date'

At:
  c:\Users\Amber\Downloads\minor project\rera_process.py(54): process_rera_row

[2026-03-16 21:53:12] [ERROR] Chunk 11 FAILED — Python exception: KeyError: 'Project Start and Expiration date'

At:
  c:\Users\Amber\Downloads\minor project\rera_process.py(54): process_rera_row

[2026-03-16 21:53:12] [INFO ] Chunk 14 started (20 records) [thread 5]
[2026-03-16 21:53:12] [ERROR] Chunk 10 FAILED — Python exception: KeyError: 'Project Start and Expiration date'

At:
  c:\Users\Amber\Downloads\minor project\rera_process.py(54): process_rera_row

[2026-03-16 21:53:12] [INFO ] Chunk 15 started (20 records) [thread 2]
[2026-03-16 21:53:12] [ERROR] Chunk 7 FAILED — Python exception: KeyError: 'Project Start and Expiration date'

At:
  c:\Users\Amber\Downloads\minor project\rera_process.py(54): process_rera_row

[2026-03-16 21:53:12] [INFO ] Chunk 16 started (20 records) [thread 1]
[2026-03-16 21:53:12] [INFO ] Chunk 17 started (20 records) [thread 3]
[2026-03-16 21:53:12] [ERROR] Chunk 13 FAILED — Python exception: KeyError: 'Project Start and Expiration date'

At:
  c:\Users\Amber\Downloads\minor project\rera_process.py(54): process_rera_row
  c:\Users\Amber\Downloads\minor project\chunkflow\__init__.py(165): process
  c:\Users\Amber\Downloads\minor project\rera_process.py(120): <module>

[2026-03-16 21:53:12] [INFO ] Chunk 21 started (20 records) [thread 0]
[2026-03-16 21:53:12] [ERROR] Chunk 14 FAILED — Python exception: KeyError: 'Project Start and Expiration date'

At:
  c:\Users\Amber\Downloads\minor project\rera_process.py(54): process_rera_row

[2026-03-16 21:53:12] [ERROR] Chunk 16 FAILED — Python exception: KeyError: 'Project Start and Expiration date'

At:
  c:\Users\Amber\Downloads\minor project\rera_process.py(54): process_rera_row

[2026-03-16 21:53:12] [ERROR] Chunk 15 FAILED — Python exception: KeyError: 'Project Start and Expiration date'

At:
  c:\Users\Amber\Downloads\minor project\rera_process.py(54): process_rera_row

[2026-03-16 21:53:12] [INFO ] Chunk 20 started (20 records) [thread 7]
[2026-03-16 21:53:12] [ERROR] Chunk 21 FAILED — Python exception: KeyError: 'Project Start and Expiration date'

At:
  c:\Users\Amber\Downloads\minor project\rera_process.py(54): process_rera_row
  c:\Users\Amber\Downloads\minor project\chunkflow\__init__.py(165): process
  c:\Users\Amber\Downloads\minor project\rera_process.py(120): <module>

[2026-03-16 21:53:12] [INFO ] Chunk 22 started (20 records) [thread 5]
[2026-03-16 21:53:12] [INFO ] Chunk 19 started (20 records) [thread 6]
[2026-03-16 21:53:12] [INFO ] Chunk 23 started (20 records) [thread 1]
[2026-03-16 21:53:12] [INFO ] Chunk 24 started (20 records) [thread 2]
[2026-03-16 21:53:12] [ERROR] Chunk 17 FAILED — Python exception: KeyError: 'Project Start and Expiration date'

At:
  c:\Users\Amber\Downloads\minor project\rera_process.py(54): process_rera_row

[2026-03-16 21:53:12] [INFO ] Chunk 18 started (20 records) [thread 4]
[2026-03-16 21:53:12] [INFO ] Chunk 25 started (20 records) [thread 0]
[2026-03-16 21:53:12] [ERROR] Chunk 20 FAILED — Python exception: KeyError: 'Project Start and Expiration date'

At:
  c:\Users\Amber\Downloads\minor project\rera_process.py(54): process_rera_row

[2026-03-16 21:53:12] [ERROR] Chunk 22 FAILED — Python exception: KeyError: 'Project Start and Expiration date'

At:
  c:\Users\Amber\Downloads\minor project\rera_process.py(54): process_rera_row

[2026-03-16 21:53:12] [INFO ] Chunk 26 started (20 records) [thread 3]
[2026-03-16 21:53:12] [ERROR] Chunk 24 FAILED — Python exception: KeyError: 'Project Start and Expiration date'

At:
  c:\Users\Amber\Downloads\minor project\rera_process.py(54): process_rera_row

[2026-03-16 21:53:12] [ERROR] Chunk 25 FAILED — Python exception: KeyError: 'Project Start and Expiration date'

At:
  c:\Users\Amber\Downloads\minor project\rera_process.py(54): process_rera_row
  c:\Users\Amber\Downloads\minor project\chunkflow\__init__.py(165): process
  c:\Users\Amber\Downloads\minor project\rera_process.py(120): <module>

[2026-03-16 21:53:12] [ERROR] Chunk 18 FAILED — Python exception: KeyError: 'Project Start and Expiration date'

At:
  c:\Users\Amber\Downloads\minor project\rera_process.py(54): process_rera_row

[2026-03-16 21:53:12] [INFO ] Chunk 28 started (20 records) [thread 5]
[2026-03-16 21:53:12] [ERROR] Chunk 19 FAILED — Python exception: KeyError: 'Project Start and Expiration date'

At:
  c:\Users\Amber\Downloads\minor project\rera_process.py(54): process_rera_row

[2026-03-16 21:53:12] [INFO ] Chunk 29 started (20 records) [thread 2]
[2026-03-16 21:53:12] [INFO ] Chunk 27 started (20 records) [thread 7]
[2026-03-16 21:53:12] [INFO ] Chunk 30 started (20 records) [thread 0]
[2026-03-16 21:53:12] [INFO ] Chunk 31 started (20 records) [thread 4]
[2026-03-16 21:53:12] [ERROR] Chunk 26 FAILED — Python exception: KeyError: 'Project Start and Expiration date'

At:
  c:\Users\Amber\Downloads\minor project\rera_process.py(54): process_rera_row

[2026-03-16 21:53:12] [INFO ] Chunk 32 started (20 records) [thread 6]
[2026-03-16 21:53:12] [ERROR] Chunk 29 FAILED — Python exception: KeyError: 'Project Start and Expiration date'

At:
  c:\Users\Amber\Downloads\minor project\rera_process.py(54): process_rera_row

[2026-03-16 21:53:12] [ERROR] Chunk 28 FAILED — Python exception: KeyError: 'Project Start and Expiration date'

At:
  c:\Users\Amber\Downloads\minor project\rera_process.py(54): process_rera_row

[2026-03-16 21:53:12] [INFO ] Chunk 35 started (20 records) [thread 5]
[2026-03-16 21:53:12] [ERROR] Chunk 27 FAILED — Python exception: KeyError: 'Project Start and Expiration date'

At:
  c:\Users\Amber\Downloads\minor project\rera_process.py(54): process_rera_row

[2026-03-16 21:53:12] [ERROR] Chunk 23 FAILED — Python exception: KeyError: 'Project Start and Expiration date'

At:
  c:\Users\Amber\Downloads\minor project\rera_process.py(54): process_rera_row

[2026-03-16 21:53:12] [INFO ] Chunk 34 started (20 records) [thread 2]
[2026-03-16 21:53:12] [INFO ] Chunk 33 started (20 records) [thread 3]
[2026-03-16 21:53:12] [ERROR] Chunk 32 FAILED — Python exception: KeyError: 'Project Start and Expiration date'

At:
  c:\Users\Amber\Downloads\minor project\rera_process.py(54): process_rera_row

[2026-03-16 21:53:12] [INFO ] Chunk 38 started (20 records) [thread 6]
[2026-03-16 21:53:12] [ERROR] Chunk 35 FAILED — Python exception: KeyError: 'Project Start and Expiration date'

At:
  c:\Users\Amber\Downloads\minor project\rera_process.py(54): process_rera_row

[2026-03-16 21:53:12] [INFO ] Chunk 37 started (20 records) [thread 1]
[2026-03-16 21:53:12] [ERROR] Chunk 30 FAILED — Python exception: KeyError: 'Project Start and Expiration date'

At:
  c:\Users\Amber\Downloads\minor project\rera_process.py(54): process_rera_row
  c:\Users\Amber\Downloads\minor project\chunkflow\__init__.py(165): process
  c:\Users\Amber\Downloads\minor project\rera_process.py(120): <module>

[2026-03-16 21:53:12] [ERROR] Chunk 31 FAILED — Python exception: KeyError: 'Project Start and Expiration date'

At:
  c:\Users\Amber\Downloads\minor project\rera_process.py(54): process_rera_row

[2026-03-16 21:53:12] [ERROR] Chunk 34 FAILED — Python exception: KeyError: 'Project Start and Expiration date'

At:
  c:\Users\Amber\Downloads\minor project\rera_process.py(54): process_rera_row

[2026-03-16 21:53:12] [ERROR] Chunk 33 FAILED — Python exception: KeyError: 'Project Start and Expiration date'

At:
  c:\Users\Amber\Downloads\minor project\rera_process.py(54): process_rera_row

[2026-03-16 21:53:12] [INFO ] Chunk 36 started (20 records) [thread 7]
[2026-03-16 21:53:12] [ERROR] Chunk 38 FAILED — Python exception: KeyError: 'Project Start and Expiration date'

At:
  c:\Users\Amber\Downloads\minor project\rera_process.py(54): process_rera_row

[2026-03-16 21:53:12] [INFO ] Chunk 39 started (20 records) [thread 5]
[2026-03-16 21:53:12] [INFO ] Chunk 40 started (20 records) [thread 0]
[2026-03-16 21:53:12] [ERROR] Chunk 39 FAILED — Python exception: KeyError: 'Project Start and Expiration date'

At:
  c:\Users\Amber\Downloads\minor project\rera_process.py(54): process_rera_row

[2026-03-16 21:53:12] [INFO ] Chunk 45 started (20 records) [thread 5]
[2026-03-16 21:53:12] [ERROR] Chunk 45 FAILED — Python exception: KeyError: 'Project Start and Expiration date'

At:
  c:\Users\Amber\Downloads\minor project\rera_process.py(54): process_rera_row

[2026-03-16 21:53:12] [INFO ] Chunk 41 started (20 records) [thread 4]
[2026-03-16 21:53:12] [INFO ] Chunk 42 started (20 records) [thread 2]
[2026-03-16 21:53:12] [ERROR] Chunk 40 FAILED — Python exception: KeyError: 'Project Start and Expiration date'

At:
  c:\Users\Amber\Downloads\minor project\rera_process.py(54): process_rera_row
  c:\Users\Amber\Downloads\minor project\chunkflow\__init__.py(165): process
  c:\Users\Amber\Downloads\minor project\rera_process.py(120): <module>

[2026-03-16 21:53:12] [INFO ] Chunk 47 started (20 records) [thread 0]
[2026-03-16 21:53:12] [ERROR] Chunk 36 FAILED — Python exception: KeyError: 'Project Start and Expiration date'

At:
  c:\Users\Amber\Downloads\minor project\rera_process.py(54): process_rera_row

[2026-03-16 21:53:12] [ERROR] Chunk 37 FAILED — Python exception: KeyError: 'Project Start and Expiration date'

At:
  c:\Users\Amber\Downloads\minor project\rera_process.py(54): process_rera_row

[2026-03-16 21:53:12] [INFO ] Chunk 46 started (20 records) [thread 5]
[2026-03-16 21:53:12] [ERROR] Chunk 46 FAILED — Python exception: KeyError: 'Project Start and Expiration date'

At:
  c:\Users\Amber\Downloads\minor project\rera_process.py(54): process_rera_row

[2026-03-16 21:53:12] [INFO ] Chunk 50 started (20 records) [thread 5]
[2026-03-16 21:53:12] [ERROR] Chunk 50 FAILED — Python exception: KeyError: 'Project Start and Expiration date'

At:
  c:\Users\Amber\Downloads\minor project\rera_process.py(54): process_rera_row

[2026-03-16 21:53:12] [INFO ] Chunk 51 started (20 records) [thread 5]
[2026-03-16 21:53:12] [ERROR] Chunk 42 FAILED — Python exception: KeyError: 'Project Start and Expiration date'

At:
  c:\Users\Amber\Downloads\minor project\rera_process.py(54): process_rera_row

[2026-03-16 21:53:12] [ERROR] Chunk 51 FAILED — Python exception: KeyError: 'Project Start and Expiration date'

At:
  c:\Users\Amber\Downloads\minor project\rera_process.py(54): process_rera_row

[2026-03-16 21:53:12] [INFO ] Chunk 53 started (20 records) [thread 5]
[2026-03-16 21:53:12] [ERROR] Chunk 41 FAILED — Python exception: KeyError: 'Project Start and Expiration date'

At:
  c:\Users\Amber\Downloads\minor project\rera_process.py(54): process_rera_row

[2026-03-16 21:53:12] [INFO ] Chunk 54 started (20 records) [thread 4]
[2026-03-16 21:53:12] [ERROR] Chunk 53 FAILED — Python exception: KeyError: 'Project Start and Expiration date'

At:
  c:\Users\Amber\Downloads\minor project\rera_process.py(54): process_rera_row

[2026-03-16 21:53:12] [INFO ] Chunk 55 started (20 records) [thread 5]
[2026-03-16 21:53:12] [INFO ] Chunk 49 started (20 records) [thread 1]
[2026-03-16 21:53:12] [INFO ] Chunk 43 started (20 records) [thread 3]
[2026-03-16 21:53:12] [INFO ] Chunk 52 started (20 records) [thread 2]
[2026-03-16 21:53:12] [INFO ] Chunk 44 started (20 records) [thread 6]
[2026-03-16 21:53:12] [INFO ] Chunk 48 started (20 records) [thread 7]
[2026-03-16 21:53:12] [ERROR] Chunk 47 FAILED — Python exception: KeyError: 'Project Start and Expiration date'

At:
  c:\Users\Amber\Downloads\minor project\rera_process.py(54): process_rera_row
  c:\Users\Amber\Downloads\minor project\chunkflow\__init__.py(165): process
  c:\Users\Amber\Downloads\minor project\rera_process.py(120): <module>

[2026-03-16 21:53:12] [ERROR] Chunk 54 FAILED — Python exception: KeyError: 'Project Start and Expiration date'

At:
  c:\Users\Amber\Downloads\minor project\rera_process.py(54): process_rera_row

[2026-03-16 21:53:12] [ERROR] Chunk 55 FAILED — Python exception: KeyError: 'Project Start and Expiration date'

At:
  c:\Users\Amber\Downloads\minor project\rera_process.py(54): process_rera_row

[2026-03-16 21:53:12] [ERROR] Chunk 52 FAILED — Python exception: KeyError: 'Project Start and Expiration date'

At:
  c:\Users\Amber\Downloads\minor project\rera_process.py(54): process_rera_row

[2026-03-16 21:53:12] [INFO ] Chunk 59 started (20 records) [thread 2]
[2026-03-16 21:53:12] [ERROR] Chunk 49 FAILED — Python exception: KeyError: 'Project Start and Expiration date'

At:
  c:\Users\Amber\Downloads\minor project\rera_process.py(54): process_rera_row

[2026-03-16 21:53:12] [INFO ] Chunk 57 started (20 records) [thread 4]
[2026-03-16 21:53:12] [ERROR] Chunk 43 FAILED — Python exception: KeyError: 'Project Start and Expiration date'

At:
  c:\Users\Amber\Downloads\minor project\rera_process.py(54): process_rera_row

[2026-03-16 21:53:12] [INFO ] Chunk 58 started (20 records) [thread 5]
[2026-03-16 21:53:12] [ERROR] Chunk 48 FAILED — Python exception: KeyError: 'Project Start and Expiration date'

At:
  c:\Users\Amber\Downloads\minor project\rera_process.py(54): process_rera_row

[2026-03-16 21:53:12] [INFO ] Chunk 62 started (19 records) [thread 7]
[2026-03-16 21:53:12] [ERROR] Chunk 44 FAILED — Python exception: KeyError: 'Project Start and Expiration date'

At:
  c:\Users\Amber\Downloads\minor project\rera_process.py(54): process_rera_row

[2026-03-16 21:53:12] [ERROR] Chunk 62 FAILED — Python exception: KeyError: 'Project Start and Expiration date'

At:
  c:\Users\Amber\Downloads\minor project\rera_process.py(54): process_rera_row

[2026-03-16 21:53:12] [INFO ] Chunk 60 started (20 records) [thread 1]
[2026-03-16 21:53:12] [INFO ] Chunk 61 started (20 records) [thread 3]
[2026-03-16 21:53:12] [ERROR] Chunk 57 FAILED — Python exception: KeyError: 'Project Start and Expiration date'

At:
  c:\Users\Amber\Downloads\minor project\rera_process.py(54): process_rera_row

[2026-03-16 21:53:12] [ERROR] Chunk 58 FAILED — Python exception: KeyError: 'Project Start and Expiration date'

At:
  c:\Users\Amber\Downloads\minor project\rera_process.py(54): process_rera_row

[2026-03-16 21:53:12] [INFO ] Chunk 56 started (20 records) [thread 0]
[2026-03-16 21:53:12] [ERROR] Chunk 59 FAILED — Python exception: KeyError: 'Project Start and Expiration date'

At:
  c:\Users\Amber\Downloads\minor project\rera_process.py(54): process_rera_row

[2026-03-16 21:53:12] [ERROR] Chunk 60 FAILED — Python exception: KeyError: 'Project Start and Expiration date'

At:
  c:\Users\Amber\Downloads\minor project\rera_process.py(54): process_rera_row

[2026-03-16 21:53:12] [ERROR] Chunk 61 FAILED — Python exception: KeyError: 'Project Start and Expiration date'

At:
  c:\Users\Amber\Downloads\minor project\rera_process.py(54): process_rera_row

[2026-03-16 21:53:12] [ERROR] Chunk 56 FAILED — Python exception: KeyError: 'Project Start and Expiration date'

At:
  c:\Users\Amber\Downloads\minor project\rera_process.py(54): process_rera_row
  c:\Users\Amber\Downloads\minor project\chunkflow\__init__.py(165): process
  c:\Users\Amber\Downloads\minor project\rera_process.py(120): <module>

[2026-03-16 21:53:12] [INFO ] Finished — done=0 skipped=0 failed=63 elapsed=0.011742s
[2026-03-16 21:53:55] [INFO] ──────────── chunkflow session started ────────────
[2026-03-16 21:53:55] [INFO ] Records: 1259 | Chunks: 63 | Chunk size: 20 | Threads: 8
[2026-03-16 21:53:55] [INFO ] Chunk 0 started (20 records) [thread 4]
[2026-03-16 21:53:55] [INFO ] Chunk 2 started (20 records) [thread 3]
[2026-03-16 21:53:55] [INFO ] Chunk 4 started (20 records) [thread 6]
[2026-03-16 21:53:55] [INFO ] Chunk 1 started (20 records) [thread 5]
[2026-03-16 21:53:55] [INFO ] Chunk 3 started (20 records) [thread 1]
[2026-03-16 21:53:55] [INFO ] Chunk 5 started (20 records) [thread 2]
[2026-03-16 21:53:55] [INFO ] Chunk 6 started (20 records) [thread 0]
[2026-03-16 21:53:55] [INFO ] Chunk 7 started (20 records) [thread 7]
[2026-03-16 21:53:55] [ERROR] Chunk 6 FAILED — Python exception: KeyError: 'Project Start and Expiration date'

At:
  c:\Users\Amber\Downloads\minor project\rera_process.py(54): process_rera_row
  c:\Users\Amber\Downloads\minor project\chunkflow\__init__.py(165): process
  c:\Users\Amber\Downloads\minor project\rera_process.py(120): <module>

[2026-03-16 21:53:55] [ERROR] Chunk 0 FAILED — Python exception: KeyError: 'Project Start and Expiration date'

At:
  c:\Users\Amber\Downloads\minor project\rera_process.py(54): process_rera_row

[2026-03-16 21:53:55] [INFO ] Chunk 9 started (20 records) [thread 4]
[2026-03-16 21:53:55] [INFO ] Chunk 8 started (20 records) [thread 0]
[2026-03-16 21:53:55] [ERROR] Chunk 3 FAILED — Python exception: KeyError: 'Project Start and Expiration date'

At:
  c:\Users\Amber\Downloads\minor project\rera_process.py(54): process_rera_row

[2026-03-16 21:53:55] [INFO ] Chunk 10 started (20 records) [thread 1]
[2026-03-16 21:53:55] [ERROR] Chunk 5 FAILED — Python exception: KeyError: 'Project Start and Expiration date'

At:
  c:\Users\Amber\Downloads\minor project\rera_process.py(54): process_rera_row

[2026-03-16 21:53:55] [ERROR] Chunk 4 FAILED — Python exception: KeyError: 'Project Start and Expiration date'

At:
  c:\Users\Amber\Downloads\minor project\rera_process.py(54): process_rera_row

[2026-03-16 21:53:55] [INFO ] Chunk 11 started (20 records) [thread 2]
[2026-03-16 21:53:55] [ERROR] Chunk 9 FAILED — Python exception: KeyError: 'Project Start and Expiration date'

At:
  c:\Users\Amber\Downloads\minor project\rera_process.py(54): process_rera_row

[2026-03-16 21:53:55] [ERROR] Chunk 1 FAILED — Python exception: KeyError: 'Project Start and Expiration date'

At:
  c:\Users\Amber\Downloads\minor project\rera_process.py(54): process_rera_row

[2026-03-16 21:53:55] [INFO ] Chunk 12 started (20 records) [thread 6]
[2026-03-16 21:53:55] [ERROR] Chunk 8 FAILED — Python exception: KeyError: 'Project Start and Expiration date'

At:
  c:\Users\Amber\Downloads\minor project\rera_process.py(54): process_rera_row
  c:\Users\Amber\Downloads\minor project\chunkflow\__init__.py(165): process
  c:\Users\Amber\Downloads\minor project\rera_process.py(120): <module>

[2026-03-16 21:53:55] [INFO ] Chunk 14 started (20 records) [thread 5]
[2026-03-16 21:53:55] [INFO ] Chunk 13 started (20 records) [thread 4]
[2026-03-16 21:53:55] [INFO ] Chunk 15 started (20 records) [thread 0]
[2026-03-16 21:53:55] [ERROR] Chunk 11 FAILED — Python exception: KeyError: 'Project Start and Expiration date'

At:
  c:\Users\Amber\Downloads\minor project\rera_process.py(54): process_rera_row

[2026-03-16 21:53:55] [ERROR] Chunk 14 FAILED — Python exception: KeyError: 'Project Start and Expiration date'

At:
  c:\Users\Amber\Downloads\minor project\rera_process.py(54): process_rera_row

[2026-03-16 21:53:55] [INFO ] Chunk 16 started (20 records) [thread 2]
[2026-03-16 21:53:55] [INFO ] Chunk 17 started (20 records) [thread 5]
[2026-03-16 21:53:55] [ERROR] Chunk 2 FAILED — Python exception: KeyError: 'Project Start and Expiration date'

At:
  c:\Users\Amber\Downloads\minor project\rera_process.py(54): process_rera_row

[2026-03-16 21:53:55] [INFO ] Chunk 18 started (20 records) [thread 3]
[2026-03-16 21:53:55] [ERROR] Chunk 16 FAILED — Python exception: KeyError: 'Project Start and Expiration date'

At:
  c:\Users\Amber\Downloads\minor project\rera_process.py(54): process_rera_row

[2026-03-16 21:53:55] [INFO ] Chunk 19 started (20 records) [thread 2]
[2026-03-16 21:53:55] [ERROR] Chunk 10 FAILED — Python exception: KeyError: 'Project Start and Expiration date'

At:
  c:\Users\Amber\Downloads\minor project\rera_process.py(54): process_rera_row

[2026-03-16 21:53:55] [INFO ] Chunk 20 started (20 records) [thread 1]
[2026-03-16 21:53:55] [ERROR] Chunk 15 FAILED — Python exception: KeyError: 'Project Start and Expiration date'

At:
  c:\Users\Amber\Downloads\minor project\rera_process.py(54): process_rera_row
  c:\Users\Amber\Downloads\minor project\chunkflow\__init__.py(165): process
  c:\Users\Amber\Downloads\minor project\rera_process.py(120): <module>

[2026-03-16 21:53:55] [INFO ] Chunk 21 started (20 records) [thread 0]
[2026-03-16 21:53:55] [ERROR] Chunk 21 FAILED — Python exception: KeyError: 'Project Start and Expiration date'

At:
  c:\Users\Amber\Downloads\minor project\rera_process.py(54): process_rera_row
  c:\Users\Amber\Downloads\minor project\chunkflow\__init__.py(165): process
  c:\Users\Amber\Downloads\minor project\rera_process.py(120): <module>

[2026-03-16 21:53:55] [INFO ] Chunk 22 started (20 records) [thread 0]
[2026-03-16 21:53:55] [ERROR] Chunk 20 FAILED — Python exception: KeyError: 'Project Start and Expiration date'

At:
  c:\Users\Amber\Downloads\minor project\rera_process.py(54): process_rera_row

[2026-03-16 21:53:55] [INFO ] Chunk 23 started (20 records) [thread 1]
[2026-03-16 21:53:55] [ERROR] Chunk 13 FAILED — Python exception: KeyError: 'Project Start and Expiration date'

At:
  c:\Users\Amber\Downloads\minor project\rera_process.py(54): process_rera_row

[2026-03-16 21:53:55] [INFO ] Chunk 24 started (20 records) [thread 4]
[2026-03-16 21:53:55] [ERROR] Chunk 22 FAILED — Python exception: KeyError: 'Project Start and Expiration date'

At:
  c:\Users\Amber\Downloads\minor project\rera_process.py(54): process_rera_row
  c:\Users\Amber\Downloads\minor project\chunkflow\__init__.py(165): process
  c:\Users\Amber\Downloads\minor project\rera_process.py(120): <module>

[2026-03-16 21:53:55] [INFO ] Chunk 25 started (20 records) [thread 0]
[2026-03-16 21:53:55] [ERROR] Chunk 17 FAILED — Python exception: KeyError: 'Project Start and Expiration date'

At:
  c:\Users\Amber\Downloads\minor project\rera_process.py(54): process_rera_row

[2026-03-16 21:53:55] [INFO ] Chunk 26 started (20 records) [thread 5]
[2026-03-16 21:53:55] [ERROR] Chunk 12 FAILED — Python exception: KeyError: 'Project Start and Expiration date'

At:
  c:\Users\Amber\Downloads\minor project\rera_process.py(54): process_rera_row

[2026-03-16 21:53:55] [INFO ] Chunk 27 started (20 records) [thread 6]
[2026-03-16 21:53:55] [ERROR] Chunk 27 FAILED — Python exception: KeyError: 'Project Start and Expiration date'

At:
  c:\Users\Amber\Downloads\minor project\rera_process.py(54): process_rera_row

[2026-03-16 21:53:55] [ERROR] Chunk 7 FAILED — Python exception: KeyError: 'Project Start and Expiration date'

At:
  c:\Users\Amber\Downloads\minor project\rera_process.py(54): process_rera_row

[2026-03-16 21:53:55] [ERROR] Chunk 19 FAILED — Python exception: KeyError: 'Project Start and Expiration date'

At:
  c:\Users\Amber\Downloads\minor project\rera_process.py(54): process_rera_row

[2026-03-16 21:53:55] [ERROR] Chunk 24 FAILED — Python exception: KeyError: 'Project Start and Expiration date'

At:
  c:\Users\Amber\Downloads\minor project\rera_process.py(54): process_rera_row

[2026-03-16 21:53:55] [INFO ] Chunk 29 started (20 records) [thread 7]
[2026-03-16 21:53:55] [INFO ] Chunk 28 started (20 records) [thread 6]
[2026-03-16 21:53:55] [INFO ] Chunk 30 started (20 records) [thread 2]
[2026-03-16 21:53:55] [INFO ] Chunk 31 started (20 records) [thread 4]
[2026-03-16 21:53:55] [ERROR] Chunk 29 FAILED — Python exception: KeyError: 'Project Start and Expiration date'

At:
  c:\Users\Amber\Downloads\minor project\rera_process.py(54): process_rera_row

[2026-03-16 21:53:55] [INFO ] Chunk 32 started (20 records) [thread 7]
[2026-03-16 21:53:55] [ERROR] Chunk 28 FAILED — Python exception: KeyError: 'Project Start and Expiration date'

At:
  c:\Users\Amber\Downloads\minor project\rera_process.py(54): process_rera_row

[2026-03-16 21:53:55] [ERROR] Chunk 26 FAILED — Python exception: KeyError: 'Project Start and Expiration date'

At:
  c:\Users\Amber\Downloads\minor project\rera_process.py(54): process_rera_row

[2026-03-16 21:53:55] [INFO ] Chunk 34 started (20 records) [thread 5]
[2026-03-16 21:53:55] [ERROR] Chunk 23 FAILED — Python exception: KeyError: 'Project Start and Expiration date'

At:
  c:\Users\Amber\Downloads\minor project\rera_process.py(54): process_rera_row

[2026-03-16 21:53:55] [INFO ] Chunk 33 started (20 records) [thread 6]
[2026-03-16 21:53:55] [ERROR] Chunk 18 FAILED — Python exception: KeyError: 'Project Start and Expiration date'

At:
  c:\Users\Amber\Downloads\minor project\rera_process.py(54): process_rera_row

[2026-03-16 21:53:55] [ERROR] Chunk 25 FAILED — Python exception: KeyError: 'Project Start and Expiration date'

At:
  c:\Users\Amber\Downloads\minor project\rera_process.py(54): process_rera_row
  c:\Users\Amber\Downloads\minor project\chunkflow\__init__.py(165): process
  c:\Users\Amber\Downloads\minor project\rera_process.py(120): <module>

[2026-03-16 21:53:55] [ERROR] Chunk 31 FAILED — Python exception: KeyError: 'Project Start and Expiration date'

At:
  c:\Users\Amber\Downloads\minor project\rera_process.py(54): process_rera_row

[2026-03-16 21:53:55] [INFO ] Chunk 35 started (20 records) [thread 1]
[2026-03-16 21:53:55] [INFO ] Chunk 36 started (20 records) [thread 3]
[2026-03-16 21:53:55] [INFO ] Chunk 37 started (20 records) [thread 0]
[2026-03-16 21:53:55] [ERROR] Chunk 32 FAILED — Python exception: KeyError: 'Project Start and Expiration date'

At:
  c:\Users\Amber\Downloads\minor project\rera_process.py(54): process_rera_row

[2026-03-16 21:53:55] [INFO ] Chunk 39 started (20 records) [thread 7]
[2026-03-16 21:53:55] [INFO ] Chunk 38 started (20 records) [thread 4]
[2026-03-16 21:53:55] [ERROR] Chunk 37 FAILED — Python exception: KeyError: 'Project Start and Expiration date'

At:
  c:\Users\Amber\Downloads\minor project\rera_process.py(54): process_rera_row
  c:\Users\Amber\Downloads\minor project\chunkflow\__init__.py(165): process
  c:\Users\Amber\Downloads\minor project\rera_process.py(120): <module>

[2026-03-16 21:53:55] [INFO ] Chunk 40 started (20 records) [thread 0]
[2026-03-16 21:53:55] [ERROR] Chunk 39 FAILED — Python exception: KeyError: 'Project Start and Expiration date'

At:
  c:\Users\Amber\Downloads\minor project\rera_process.py(54): process_rera_row

[2026-03-16 21:53:55] [ERROR] Chunk 34 FAILED — Python exception: KeyError: 'Project Start and Expiration date'

At:
  c:\Users\Amber\Downloads\minor project\rera_process.py(54): process_rera_row

[2026-03-16 21:53:55] [INFO ] Chunk 41 started (20 records) [thread 7]
[2026-03-16 21:53:55] [ERROR] Chunk 30 FAILED — Python exception: KeyError: 'Project Start and Expiration date'

At:
  c:\Users\Amber\Downloads\minor project\rera_process.py(54): process_rera_row

[2026-03-16 21:53:55] [ERROR] Chunk 36 FAILED — Python exception: KeyError: 'Project Start and Expiration date'

At:
  c:\Users\Amber\Downloads\minor project\rera_process.py(54): process_rera_row

[2026-03-16 21:53:55] [INFO ] Chunk 42 started (20 records) [thread 5]
[2026-03-16 21:53:55] [ERROR] Chunk 41 FAILED — Python exception: KeyError: 'Project Start and Expiration date'

At:
  c:\Users\Amber\Downloads\minor project\rera_process.py(54): process_rera_row

[2026-03-16 21:53:55] [INFO ] Chunk 45 started (20 records) [thread 7]
[2026-03-16 21:53:55] [ERROR] Chunk 38 FAILED — Python exception: KeyError: 'Project Start and Expiration date'

At:
  c:\Users\Amber\Downloads\minor project\rera_process.py(54): process_rera_row

[2026-03-16 21:53:55] [ERROR] Chunk 35 FAILED — Python exception: KeyError: 'Project Start and Expiration date'

At:
  c:\Users\Amber\Downloads\minor project\rera_process.py(54): process_rera_row

[2026-03-16 21:53:55] [INFO ] Chunk 44 started (20 records) [thread 3]
[2026-03-16 21:53:55] [INFO ] Chunk 43 started (20 records) [thread 2]
[2026-03-16 21:53:55] [INFO ] Chunk 46 started (20 records) [thread 4]
[2026-03-16 21:53:55] [INFO ] Chunk 47 started (20 records) [thread 1]
[2026-03-16 21:53:55] [ERROR] Chunk 43 FAILED — Python exception: KeyError: 'Project Start and Expiration date'

At:
  c:\Users\Amber\Downloads\minor project\rera_process.py(54): process_rera_row

[2026-03-16 21:53:55] [ERROR] Chunk 45 FAILED — Python exception: KeyError: 'Project Start and Expiration date'

At:
  c:\Users\Amber\Downloads\minor project\rera_process.py(54): process_rera_row

[2026-03-16 21:53:55] [INFO ] Chunk 48 started (20 records) [thread 2]
[2026-03-16 21:53:55] [INFO ] Chunk 49 started (20 records) [thread 7]
[2026-03-16 21:53:55] [ERROR] Chunk 44 FAILED — Python exception: KeyError: 'Project Start and Expiration date'

At:
  c:\Users\Amber\Downloads\minor project\rera_process.py(54): process_rera_row

[2026-03-16 21:53:55] [ERROR] Chunk 40 FAILED — Python exception: KeyError: 'Project Start and Expiration date'

At:
  c:\Users\Amber\Downloads\minor project\rera_process.py(54): process_rera_row
  c:\Users\Amber\Downloads\minor project\chunkflow\__init__.py(165): process
  c:\Users\Amber\Downloads\minor project\rera_process.py(120): <module>

[2026-03-16 21:53:55] [INFO ] Chunk 50 started (20 records) [thread 3]
[2026-03-16 21:53:55] [INFO ] Chunk 51 started (20 records) [thread 0]
[2026-03-16 21:53:55] [ERROR] Chunk 46 FAILED — Python exception: KeyError: 'Project Start and Expiration date'

At:
  c:\Users\Amber\Downloads\minor project\rera_process.py(54): process_rera_row

[2026-03-16 21:53:55] [INFO ] Chunk 52 started (20 records) [thread 4]
[2026-03-16 21:53:55] [ERROR] Chunk 51 FAILED — Python exception: KeyError: 'Project Start and Expiration date'

At:
  c:\Users\Amber\Downloads\minor project\rera_process.py(54): process_rera_row
  c:\Users\Amber\Downloads\minor project\chunkflow\__init__.py(165): process
  c:\Users\Amber\Downloads\minor project\rera_process.py(120): <module>

[2026-03-16 21:53:55] [ERROR] Chunk 33 FAILED — Python exception: KeyError: 'Project Start and Expiration date'

At:
  c:\Users\Amber\Downloads\minor project\rera_process.py(54): process_rera_row

[2026-03-16 21:53:55] [INFO ] Chunk 53 started (20 records) [thread 0]
[2026-03-16 21:53:55] [ERROR] Chunk 50 FAILED — Python exception: KeyError: 'Project Start and Expiration date'

At:
  c:\Users\Amber\Downloads\minor project\rera_process.py(54): process_rera_row

[2026-03-16 21:53:55] [INFO ] Chunk 54 started (20 records) [thread 6]
[2026-03-16 21:53:55] [INFO ] Chunk 55 started (20 records) [thread 3]
[2026-03-16 21:53:55] [ERROR] Chunk 49 FAILED — Python exception: KeyError: 'Project Start and Expiration date'

At:
  c:\Users\Amber\Downloads\minor project\rera_process.py(54): process_rera_row

[2026-03-16 21:53:55] [ERROR] Chunk 47 FAILED — Python exception: KeyError: 'Project Start and Expiration date'

At:
  c:\Users\Amber\Downloads\minor project\rera_process.py(54): process_rera_row

[2026-03-16 21:53:55] [INFO ] Chunk 57 started (20 records) [thread 1]
[2026-03-16 21:53:55] [ERROR] Chunk 53 FAILED — Python exception: KeyError: 'Project Start and Expiration date'

At:
  c:\Users\Amber\Downloads\minor project\rera_process.py(54): process_rera_row
  c:\Users\Amber\Downloads\minor project\chunkflow\__init__.py(165): process
  c:\Users\Amber\Downloads\minor project\rera_process.py(120): <module>

[2026-03-16 21:53:55] [INFO ] Chunk 56 started (20 records) [thread 7]
[2026-03-16 21:53:55] [ERROR] Chunk 48 FAILED — Python exception: KeyError: 'Project Start and Expiration date'

At:
  c:\Users\Amber\Downloads\minor project\rera_process.py(54): process_rera_row

[2026-03-16 21:53:55] [INFO ] Chunk 58 started (20 records) [thread 0]
[2026-03-16 21:53:55] [ERROR] Chunk 55 FAILED — Python exception: KeyError: 'Project Start and Expiration date'

At:
  c:\Users\Amber\Downloads\minor project\rera_process.py(54): process_rera_row

[2026-03-16 21:53:55] [INFO ] Chunk 59 started (20 records) [thread 2]
[2026-03-16 21:53:55] [INFO ] Chunk 60 started (20 records) [thread 3]
[2026-03-16 21:53:55] [ERROR] Chunk 54 FAILED — Python exception: KeyError: 'Project Start and Expiration date'

At:
  c:\Users\Amber\Downloads\minor project\rera_process.py(54): process_rera_row

[2026-03-16 21:53:55] [INFO ] Chunk 61 started (20 records) [thread 6]
[2026-03-16 21:53:55] [ERROR] Chunk 56 FAILED — Python exception: KeyError: 'Project Start and Expiration date'

At:
  c:\Users\Amber\Downloads\minor project\rera_process.py(54): process_rera_row

[2026-03-16 21:53:55] [ERROR] Chunk 42 FAILED — Python exception: KeyError: 'Project Start and Expiration date'

At:
  c:\Users\Amber\Downloads\minor project\rera_process.py(54): process_rera_row

[2026-03-16 21:53:55] [INFO ] Chunk 62 started (19 records) [thread 7]
[2026-03-16 21:53:55] [ERROR] Chunk 52 FAILED — Python exception: KeyError: 'Project Start and Expiration date'

At:
  c:\Users\Amber\Downloads\minor project\rera_process.py(54): process_rera_row

[2026-03-16 21:53:55] [ERROR] Chunk 58 FAILED — Python exception: KeyError: 'Project Start and Expiration date'

At:
  c:\Users\Amber\Downloads\minor project\rera_process.py(54): process_rera_row
  c:\Users\Amber\Downloads\minor project\chunkflow\__init__.py(165): process
  c:\Users\Amber\Downloads\minor project\rera_process.py(120): <module>

[2026-03-16 21:53:55] [ERROR] Chunk 57 FAILED — Python exception: KeyError: 'Project Start and Expiration date'

At:
  c:\Users\Amber\Downloads\minor project\rera_process.py(54): process_rera_row

[2026-03-16 21:53:55] [ERROR] Chunk 62 FAILED — Python exception: KeyError: 'Project Start and Expiration date'

At:
  c:\Users\Amber\Downloads\minor project\rera_process.py(54): process_rera_row

[2026-03-16 21:53:55] [ERROR] Chunk 60 FAILED — Python exception: KeyError: 'Project Start and Expiration date'

At:
  c:\Users\Amber\Downloads\minor project\rera_process.py(54): process_rera_row

[2026-03-16 21:53:55] [ERROR] Chunk 59 FAILED — Python exception: KeyError: 'Project Start and Expiration date'

At:
  c:\Users\Amber\Downloads\minor project\rera_process.py(54): process_rera_row

[2026-03-16 21:53:55] [ERROR] Chunk 61 FAILED — Python exception: KeyError: 'Project Start and Expiration date'

At:
  c:\Users\Amber\Downloads\minor project\rera_process.py(54): process_rera_row

[2026-03-16 21:53:55] [INFO ] Finished — done=0 skipped=0 failed=63 elapsed=0.008421s
[2026-03-16 21:55:58] [INFO] ──────────── chunkflow session started ────────────
[2026-03-16 21:55:58] [INFO ] Records: 1259 | Chunks: 63 | Chunk size: 20 | Threads: 8
[2026-03-16 21:55:58] [INFO ] Chunk 1 started (20 records) [thread 5]
[2026-03-16 21:55:58] [INFO ] Chunk 0 started (20 records) [thread 1]
[2026-03-16 21:55:58] [INFO ] Chunk 2 started (20 records) [thread 4]
[2026-03-16 21:55:58] [INFO ] Chunk 6 started (20 records) [thread 6]
[2026-03-16 21:55:58] [INFO ] Chunk 5 started (20 records) [thread 0]
[2026-03-16 21:55:58] [INFO ] Chunk 4 started (20 records) [thread 2]
[2026-03-16 21:55:58] [INFO ] Chunk 7 started (20 records) [thread 7]
[2026-03-16 21:55:58] [ERROR] Chunk 1 FAILED — Python exception: KeyError: 'Project Start and Expiration date'

At:
  c:\Users\Amber\Downloads\minor project\rera_process.py(54): process_rera_row

[2026-03-16 21:55:58] [INFO ] Chunk 3 started (20 records) [thread 3]
[2026-03-16 21:55:58] [ERROR] Chunk 6 FAILED — Python exception: KeyError: 'Project Start and Expiration date'

At:
  c:\Users\Amber\Downloads\minor project\rera_process.py(54): process_rera_row

[2026-03-16 21:55:58] [INFO ] Chunk 8 started (20 records) [thread 5]
[2026-03-16 21:55:58] [ERROR] Chunk 4 FAILED — Python exception: KeyError: 'Project Start and Expiration date'

At:
  c:\Users\Amber\Downloads\minor project\rera_process.py(54): process_rera_row

[2026-03-16 21:55:58] [ERROR] Chunk 2 FAILED — Python exception: KeyError: 'Project Start and Expiration date'

At:
  c:\Users\Amber\Downloads\minor project\rera_process.py(54): process_rera_row

[2026-03-16 21:55:58] [ERROR] Chunk 0 FAILED — Python exception: KeyError: 'Project Start and Expiration date'

At:
  c:\Users\Amber\Downloads\minor project\rera_process.py(54): process_rera_row

[2026-03-16 21:55:58] [INFO ] Chunk 12 started (20 records) [thread 1]
[2026-03-16 21:55:58] [INFO ] Chunk 10 started (20 records) [thread 2]
[2026-03-16 21:55:58] [INFO ] Chunk 9 started (20 records) [thread 6]
[2026-03-16 21:55:58] [ERROR] Chunk 7 FAILED — Python exception: KeyError: 'Project Start and Expiration date'

At:
  c:\Users\Amber\Downloads\minor project\rera_process.py(54): process_rera_row

[2026-03-16 21:55:58] [INFO ] Chunk 13 started (20 records) [thread 7]
[2026-03-16 21:55:58] [ERROR] Chunk 5 FAILED — Python exception: KeyError: 'Project Start and Expiration date'

At:
  c:\Users\Amber\Downloads\minor project\rera_process.py(54): process_rera_row
  c:\Users\Amber\Downloads\minor project\chunkflow\__init__.py(165): process
  c:\Users\Amber\Downloads\minor project\rera_process.py(145): <module>

[2026-03-16 21:55:58] [INFO ] Chunk 11 started (20 records) [thread 4]
[2026-03-16 21:55:58] [INFO ] Chunk 14 started (20 records) [thread 0]
[2026-03-16 21:55:58] [ERROR] Chunk 10 FAILED — Python exception: KeyError: 'Project Start and Expiration date'

At:
  c:\Users\Amber\Downloads\minor project\rera_process.py(54): process_rera_row

[2026-03-16 21:55:58] [ERROR] Chunk 13 FAILED — Python exception: KeyError: 'Project Start and Expiration date'

At:
  c:\Users\Amber\Downloads\minor project\rera_process.py(54): process_rera_row

[2026-03-16 21:55:58] [INFO ] Chunk 15 started (20 records) [thread 2]
[2026-03-16 21:55:58] [INFO ] Chunk 16 started (20 records) [thread 7]
[2026-03-16 21:55:58] [ERROR] Chunk 9 FAILED — Python exception: KeyError: 'Project Start and Expiration date'

At:
  c:\Users\Amber\Downloads\minor project\rera_process.py(54): process_rera_row

[2026-03-16 21:55:58] [INFO ] Chunk 17 started (20 records) [thread 6]
[2026-03-16 21:55:58] [ERROR] Chunk 16 FAILED — Python exception: KeyError: 'Project Start and Expiration date'

At:
  c:\Users\Amber\Downloads\minor project\rera_process.py(54): process_rera_row

[2026-03-16 21:55:58] [INFO ] Chunk 18 started (20 records) [thread 7]
[2026-03-16 21:55:58] [ERROR] Chunk 14 FAILED — Python exception: KeyError: 'Project Start and Expiration date'

At:
  c:\Users\Amber\Downloads\minor project\rera_process.py(54): process_rera_row
  c:\Users\Amber\Downloads\minor project\chunkflow\__init__.py(165): process
  c:\Users\Amber\Downloads\minor project\rera_process.py(145): <module>

[2026-03-16 21:55:58] [INFO ] Chunk 19 started (20 records) [thread 0]
[2026-03-16 21:55:58] [ERROR] Chunk 18 FAILED — Python exception: KeyError: 'Project Start and Expiration date'

At:
  c:\Users\Amber\Downloads\minor project\rera_process.py(54): process_rera_row

[2026-03-16 21:55:58] [INFO ] Chunk 20 started (20 records) [thread 7]
[2026-03-16 21:55:58] [ERROR] Chunk 3 FAILED — Python exception: KeyError: 'Project Start and Expiration date'

At:
  c:\Users\Amber\Downloads\minor project\rera_process.py(54): process_rera_row

[2026-03-16 21:55:58] [ERROR] Chunk 11 FAILED — Python exception: KeyError: 'Project Start and Expiration date'

At:
  c:\Users\Amber\Downloads\minor project\rera_process.py(54): process_rera_row

[2026-03-16 21:55:58] [ERROR] Chunk 12 FAILED — Python exception: KeyError: 'Project Start and Expiration date'

At:
  c:\Users\Amber\Downloads\minor project\rera_process.py(54): process_rera_row

[2026-03-16 21:55:58] [INFO ] Chunk 23 started (20 records) [thread 1]
[2026-03-16 21:55:58] [INFO ] Chunk 21 started (20 records) [thread 3]
[2026-03-16 21:55:58] [ERROR] Chunk 17 FAILED — Python exception: KeyError: 'Project Start and Expiration date'

At:
  c:\Users\Amber\Downloads\minor project\rera_process.py(54): process_rera_row

[2026-03-16 21:55:58] [INFO ] Chunk 22 started (20 records) [thread 4]
[2026-03-16 21:55:58] [ERROR] Chunk 15 FAILED — Python exception: KeyError: 'Project Start and Expiration date'

At:
  c:\Users\Amber\Downloads\minor project\rera_process.py(54): process_rera_row

[2026-03-16 21:55:58] [ERROR] Chunk 20 FAILED — Python exception: KeyError: 'Project Start and Expiration date'

At:
  c:\Users\Amber\Downloads\minor project\rera_process.py(54): process_rera_row

[2026-03-16 21:55:58] [INFO ] Chunk 25 started (20 records) [thread 2]
[2026-03-16 21:55:58] [INFO ] Chunk 24 started (20 records) [thread 6]
[2026-03-16 21:55:58] [ERROR] Chunk 8 FAILED — Python exception: KeyError: 'Project Start and Expiration date'

At:
  c:\Users\Amber\Downloads\minor project\rera_process.py(54): process_rera_row

[2026-03-16 21:55:58] [ERROR] Chunk 22 FAILED — Python exception: KeyError: 'Project Start and Expiration date'

At:
  c:\Users\Amber\Downloads\minor project\rera_process.py(54): process_rera_row

[2026-03-16 21:55:58] [INFO ] Chunk 26 started (20 records) [thread 7]
[2026-03-16 21:55:58] [ERROR] Chunk 23 FAILED — Python exception: KeyError: 'Project Start and Expiration date'

At:
  c:\Users\Amber\Downloads\minor project\rera_process.py(54): process_rera_row

[2026-03-16 21:55:58] [INFO ] Chunk 28 started (20 records) [thread 4]
[2026-03-16 21:55:58] [INFO ] Chunk 27 started (20 records) [thread 5]
[2026-03-16 21:55:58] [INFO ] Chunk 29 started (20 records) [thread 1]
[2026-03-16 21:55:58] [ERROR] Chunk 21 FAILED — Python exception: KeyError: 'Project Start and Expiration date'

At:
  c:\Users\Amber\Downloads\minor project\rera_process.py(54): process_rera_row

[2026-03-16 21:55:58] [INFO ] Chunk 30 started (20 records) [thread 3]
[2026-03-16 21:55:58] [ERROR] Chunk 30 FAILED — Python exception: KeyError: 'Project Start and Expiration date'

At:
  c:\Users\Amber\Downloads\minor project\rera_process.py(54): process_rera_row

[2026-03-16 21:55:58] [INFO ] Chunk 31 started (20 records) [thread 3]
[2026-03-16 21:55:58] [ERROR] Chunk 29 FAILED — Python exception: KeyError: 'Project Start and Expiration date'

At:
  c:\Users\Amber\Downloads\minor project\rera_process.py(54): process_rera_row

[2026-03-16 21:55:58] [INFO ] Chunk 32 started (20 records) [thread 1]
[2026-03-16 21:55:58] [ERROR] Chunk 26 FAILED — Python exception: KeyError: 'Project Start and Expiration date'

At:
  c:\Users\Amber\Downloads\minor project\rera_process.py(54): process_rera_row

[2026-03-16 21:55:58] [INFO ] Chunk 33 started (20 records) [thread 7]
[2026-03-16 21:55:58] [ERROR] Chunk 27 FAILED — Python exception: KeyError: 'Project Start and Expiration date'

At:
  c:\Users\Amber\Downloads\minor project\rera_process.py(54): process_rera_row

[2026-03-16 21:55:58] [INFO ] Chunk 34 started (20 records) [thread 5]
[2026-03-16 21:55:58] [ERROR] Chunk 24 FAILED — Python exception: KeyError: 'Project Start and Expiration date'

At:
  c:\Users\Amber\Downloads\minor project\rera_process.py(54): process_rera_row

[2026-03-16 21:55:58] [INFO ] Chunk 35 started (20 records) [thread 6]
[2026-03-16 21:55:58] [ERROR] Chunk 32 FAILED — Python exception: KeyError: 'Project Start and Expiration date'

At:
  c:\Users\Amber\Downloads\minor project\rera_process.py(54): process_rera_row

[2026-03-16 21:55:58] [ERROR] Chunk 19 FAILED — Python exception: KeyError: 'Project Start and Expiration date'

At:
  c:\Users\Amber\Downloads\minor project\rera_process.py(54): process_rera_row
  c:\Users\Amber\Downloads\minor project\chunkflow\__init__.py(165): process
  c:\Users\Amber\Downloads\minor project\rera_process.py(145): <module>

[2026-03-16 21:55:58] [ERROR] Chunk 28 FAILED — Python exception: KeyError: 'Project Start and Expiration date'

At:
  c:\Users\Amber\Downloads\minor project\rera_process.py(54): process_rera_row

[2026-03-16 21:55:58] [INFO ] Chunk 36 started (20 records) [thread 1]
[2026-03-16 21:55:58] [INFO ] Chunk 38 started (20 records) [thread 4]
[2026-03-16 21:55:58] [ERROR] Chunk 25 FAILED — Python exception: KeyError: 'Project Start and Expiration date'

At:
  c:\Users\Amber\Downloads\minor project\rera_process.py(54): process_rera_row

[2026-03-16 21:55:58] [INFO ] Chunk 37 started (20 records) [thread 0]
[2026-03-16 21:55:58] [ERROR] Chunk 31 FAILED — Python exception: KeyError: 'Project Start and Expiration date'

At:
  c:\Users\Amber\Downloads\minor project\rera_process.py(54): process_rera_row

[2026-03-16 21:55:58] [ERROR] Chunk 33 FAILED — Python exception: KeyError: 'Project Start and Expiration date'

At:
  c:\Users\Amber\Downloads\minor project\rera_process.py(54): process_rera_row

[2026-03-16 21:55:58] [ERROR] Chunk 36 FAILED — Python exception: KeyError: 'Project Start and Expiration date'

At:
  c:\Users\Amber\Downloads\minor project\rera_process.py(54): process_rera_row

[2026-03-16 21:55:58] [ERROR] Chunk 38 FAILED — Python exception: KeyError: 'Project Start and Expiration date'

At:
  c:\Users\Amber\Downloads\minor project\rera_process.py(54): process_rera_row

[2026-03-16 21:55:58] [INFO ] Chunk 43 started (20 records) [thread 4]
[2026-03-16 21:55:58] [ERROR] Chunk 34 FAILED — Python exception: KeyError: 'Project Start and Expiration date'

At:
  c:\Users\Amber\Downloads\minor project\rera_process.py(54): process_rera_row

[2026-03-16 21:55:58] [INFO ] Chunk 40 started (20 records) [thread 3]
[2026-03-16 21:55:58] [INFO ] Chunk 41 started (20 records) [thread 7]
[2026-03-16 21:55:58] [INFO ] Chunk 39 started (20 records) [thread 2]
[2026-03-16 21:55:58] [ERROR] Chunk 37 FAILED — Python exception: KeyError: 'Project Start and Expiration date'

At:
  c:\Users\Amber\Downloads\minor project\rera_process.py(54): process_rera_row
  c:\Users\Amber\Downloads\minor project\chunkflow\__init__.py(165): process
  c:\Users\Amber\Downloads\minor project\rera_process.py(145): <module>

[2026-03-16 21:55:58] [ERROR] Chunk 35 FAILED — Python exception: KeyError: 'Project Start and Expiration date'

At:
  c:\Users\Amber\Downloads\minor project\rera_process.py(54): process_rera_row

[2026-03-16 21:55:58] [INFO ] Chunk 44 started (20 records) [thread 5]
[2026-03-16 21:55:58] [INFO ] Chunk 42 started (20 records) [thread 1]
[2026-03-16 21:55:58] [ERROR] Chunk 40 FAILED — Python exception: KeyError: 'Project Start and Expiration date'

At:
  c:\Users\Amber\Downloads\minor project\rera_process.py(54): process_rera_row

[2026-03-16 21:55:58] [INFO ] Chunk 45 started (20 records) [thread 0]
[2026-03-16 21:55:58] [INFO ] Chunk 46 started (20 records) [thread 6]
[2026-03-16 21:55:58] [INFO ] Chunk 47 started (20 records) [thread 3]
[2026-03-16 21:55:58] [ERROR] Chunk 42 FAILED — Python exception: KeyError: 'Project Start and Expiration date'

At:
  c:\Users\Amber\Downloads\minor project\rera_process.py(54): process_rera_row

[2026-03-16 21:55:58] [INFO ] Chunk 48 started (20 records) [thread 1]
[2026-03-16 21:55:58] [ERROR] Chunk 47 FAILED — Python exception: KeyError: 'Project Start and Expiration date'

At:
  c:\Users\Amber\Downloads\minor project\rera_process.py(54): process_rera_row

[2026-03-16 21:55:58] [INFO ] Chunk 49 started (20 records) [thread 3]
[2026-03-16 21:55:58] [ERROR] Chunk 45 FAILED — Python exception: KeyError: 'Project Start and Expiration date'

At:
  c:\Users\Amber\Downloads\minor project\rera_process.py(54): process_rera_row
  c:\Users\Amber\Downloads\minor project\chunkflow\__init__.py(165): process
  c:\Users\Amber\Downloads\minor project\rera_process.py(145): <module>

[2026-03-16 21:55:58] [INFO ] Chunk 50 started (20 records) [thread 0]
[2026-03-16 21:55:58] [ERROR] Chunk 49 FAILED — Python exception: KeyError: 'Project Start and Expiration date'

At:
  c:\Users\Amber\Downloads\minor project\rera_process.py(54): process_rera_row

[2026-03-16 21:55:58] [INFO ] Chunk 51 started (20 records) [thread 3]
[2026-03-16 21:55:58] [ERROR] Chunk 43 FAILED — Python exception: KeyError: 'Project Start and Expiration date'

At:
  c:\Users\Amber\Downloads\minor project\rera_process.py(54): process_rera_row

[2026-03-16 21:55:58] [ERROR] Chunk 39 FAILED — Python exception: KeyError: 'Project Start and Expiration date'

At:
  c:\Users\Amber\Downloads\minor project\rera_process.py(54): process_rera_row

[2026-03-16 21:55:58] [ERROR] Chunk 51 FAILED — Python exception: KeyError: 'Project Start and Expiration date'

At:
  c:\Users\Amber\Downloads\minor project\rera_process.py(54): process_rera_row

[2026-03-16 21:55:58] [INFO ] Chunk 52 started (20 records) [thread 4]
[2026-03-16 21:55:58] [ERROR] Chunk 41 FAILED — Python exception: KeyError: 'Project Start and Expiration date'

At:
  c:\Users\Amber\Downloads\minor project\rera_process.py(54): process_rera_row

[2026-03-16 21:55:58] [ERROR] Chunk 44 FAILED — Python exception: KeyError: 'Project Start and Expiration date'

At:
  c:\Users\Amber\Downloads\minor project\rera_process.py(54): process_rera_row

[2026-03-16 21:55:58] [INFO ] Chunk 53 started (20 records) [thread 2]
[2026-03-16 21:55:58] [INFO ] Chunk 54 started (20 records) [thread 3]
[2026-03-16 21:55:58] [ERROR] Chunk 50 FAILED — Python exception: KeyError: 'Project Start and Expiration date'

At:
  c:\Users\Amber\Downloads\minor project\rera_process.py(54): process_rera_row
  c:\Users\Amber\Downloads\minor project\chunkflow\__init__.py(165): process
  c:\Users\Amber\Downloads\minor project\rera_process.py(145): <module>

[2026-03-16 21:55:58] [ERROR] Chunk 48 FAILED — Python exception: KeyError: 'Project Start and Expiration date'

At:
  c:\Users\Amber\Downloads\minor project\rera_process.py(54): process_rera_row

[2026-03-16 21:55:58] [ERROR] Chunk 54 FAILED — Python exception: KeyError: 'Project Start and Expiration date'

At:
  c:\Users\Amber\Downloads\minor project\rera_process.py(54): process_rera_row

[2026-03-16 21:55:58] [INFO ] Chunk 56 started (20 records) [thread 5]
[2026-03-16 21:55:58] [ERROR] Chunk 52 FAILED — Python exception: KeyError: 'Project Start and Expiration date'

At:
  c:\Users\Amber\Downloads\minor project\rera_process.py(54): process_rera_row

[2026-03-16 21:55:58] [INFO ] Chunk 57 started (20 records) [thread 0]
[2026-03-16 21:55:58] [INFO ] Chunk 55 started (20 records) [thread 7]
[2026-03-16 21:55:58] [ERROR] Chunk 56 FAILED — Python exception: KeyError: 'Project Start and Expiration date'

At:
  c:\Users\Amber\Downloads\minor project\rera_process.py(54): process_rera_row

[2026-03-16 21:55:58] [INFO ] Chunk 59 started (20 records) [thread 3]
[2026-03-16 21:55:58] [ERROR] Chunk 53 FAILED — Python exception: KeyError: 'Project Start and Expiration date'

At:
  c:\Users\Amber\Downloads\minor project\rera_process.py(54): process_rera_row

[2026-03-16 21:55:58] [INFO ] Chunk 58 started (20 records) [thread 1]
[2026-03-16 21:55:58] [INFO ] Chunk 61 started (20 records) [thread 5]
[2026-03-16 21:55:58] [INFO ] Chunk 60 started (20 records) [thread 4]
[2026-03-16 21:55:58] [INFO ] Chunk 62 started (19 records) [thread 2]
[2026-03-16 21:55:58] [ERROR] Chunk 46 FAILED — Python exception: KeyError: 'Project Start and Expiration date'

At:
  c:\Users\Amber\Downloads\minor project\rera_process.py(54): process_rera_row

[2026-03-16 21:55:58] [ERROR] Chunk 57 FAILED — Python exception: KeyError: 'Project Start and Expiration date'

At:
  c:\Users\Amber\Downloads\minor project\rera_process.py(54): process_rera_row
  c:\Users\Amber\Downloads\minor project\chunkflow\__init__.py(165): process
  c:\Users\Amber\Downloads\minor project\rera_process.py(145): <module>

[2026-03-16 21:55:58] [ERROR] Chunk 55 FAILED — Python exception: KeyError: 'Project Start and Expiration date'

At:
  c:\Users\Amber\Downloads\minor project\rera_process.py(54): process_rera_row

[2026-03-16 21:55:58] [ERROR] Chunk 59 FAILED — Python exception: KeyError: 'Project Start and Expiration date'

At:
  c:\Users\Amber\Downloads\minor project\rera_process.py(54): process_rera_row

[2026-03-16 21:55:58] [ERROR] Chunk 62 FAILED — Python exception: KeyError: 'Project Start and Expiration date'

At:
  c:\Users\Amber\Downloads\minor project\rera_process.py(54): process_rera_row

[2026-03-16 21:55:58] [ERROR] Chunk 60 FAILED — Python exception: KeyError: 'Project Start and Expiration date'

At:
  c:\Users\Amber\Downloads\minor project\rera_process.py(54): process_rera_row

[2026-03-16 21:55:58] [ERROR] Chunk 61 FAILED — Python exception: KeyError: 'Project Start and Expiration date'

At:
  c:\Users\Amber\Downloads\minor project\rera_process.py(54): process_rera_row

[2026-03-16 21:55:58] [ERROR] Chunk 58 FAILED — Python exception: KeyError: 'Project Start and Expiration date'

At:
  c:\Users\Amber\Downloads\minor project\rera_process.py(54): process_rera_row

[2026-03-16 21:55:58] [INFO ] Finished — done=0 skipped=0 failed=63 elapsed=0.007705s
[2026-03-16 21:56:06] [INFO] ──────────── chunkflow session started ────────────
[2026-03-16 21:56:06] [INFO ] Records: 1259 | Chunks: 63 | Chunk size: 20 | Threads: 8
[2026-03-16 21:56:06] [INFO ] Chunk 0 started (20 records) [thread 0]
[2026-03-16 21:56:06] [INFO ] Chunk 1 started (20 records) [thread 2]
[2026-03-16 21:56:06] [INFO ] Chunk 3 started (20 records) [thread 3]
[2026-03-16 21:56:06] [INFO ] Chunk 4 started (20 records) [thread 5]
[2026-03-16 21:56:06] [INFO ] Chunk 5 started (20 records) [thread 4]
[2026-03-16 21:56:06] [INFO ] Chunk 2 started (20 records) [thread 1]
[2026-03-16 21:56:06] [INFO ] Chunk 6 started (20 records) [thread 6]
[2026-03-16 21:56:06] [INFO ] Chunk 7 started (20 records) [thread 7]
[2026-03-16 21:56:06] [ERROR] Chunk 0 FAILED — Python exception: KeyError: 'Project Start and Expiration date'

At:
  c:\Users\Amber\Downloads\minor project\rera_process.py(54): process_rera_row
  c:\Users\Amber\Downloads\minor project\chunkflow\__init__.py(165): process
  c:\Users\Amber\Downloads\minor project\rera_process.py(145): <module>

[2026-03-16 21:56:06] [ERROR] Chunk 3 FAILED — Python exception: KeyError: 'Project Start and Expiration date'

At:
  c:\Users\Amber\Downloads\minor project\rera_process.py(54): process_rera_row

[2026-03-16 21:56:06] [INFO ] Chunk 8 started (20 records) [thread 0]
[2026-03-16 21:56:06] [ERROR] Chunk 2 FAILED — Python exception: KeyError: 'Project Start and Expiration date'

At:
  c:\Users\Amber\Downloads\minor project\rera_process.py(54): process_rera_row

[2026-03-16 21:56:06] [INFO ] Chunk 9 started (20 records) [thread 3]
[2026-03-16 21:56:06] [INFO ] Chunk 10 started (20 records) [thread 1]
[2026-03-16 21:56:06] [ERROR] Chunk 1 FAILED — Python exception: KeyError: 'Project Start and Expiration date'

At:
  c:\Users\Amber\Downloads\minor project\rera_process.py(54): process_rera_row

[2026-03-16 21:56:06] [INFO ] Chunk 11 started (20 records) [thread 2]
[2026-03-16 21:56:06] [ERROR] Chunk 11 FAILED — Python exception: KeyError: 'Project Start and Expiration date'

At:
  c:\Users\Amber\Downloads\minor project\rera_process.py(54): process_rera_row

[2026-03-16 21:56:06] [INFO ] Chunk 12 started (20 records) [thread 2]
[2026-03-16 21:56:06] [ERROR] Chunk 9 FAILED — Python exception: KeyError: 'Project Start and Expiration date'

At:
  c:\Users\Amber\Downloads\minor project\rera_process.py(54): process_rera_row

[2026-03-16 21:56:06] [ERROR] Chunk 6 FAILED — Python exception: KeyError: 'Project Start and Expiration date'

At:
  c:\Users\Amber\Downloads\minor project\rera_process.py(54): process_rera_row

[2026-03-16 21:56:06] [INFO ] Chunk 13 started (20 records) [thread 3]
[2026-03-16 21:56:06] [INFO ] Chunk 14 started (20 records) [thread 6]
[2026-03-16 21:56:06] [ERROR] Chunk 13 FAILED — Python exception: KeyError: 'Project Start and Expiration date'

At:
  c:\Users\Amber\Downloads\minor project\rera_process.py(54): process_rera_row

[2026-03-16 21:56:06] [INFO ] Chunk 15 started (20 records) [thread 3]
[2026-03-16 21:56:06] [ERROR] Chunk 12 FAILED — Python exception: KeyError: 'Project Start and Expiration date'

At:
  c:\Users\Amber\Downloads\minor project\rera_process.py(54): process_rera_row

[2026-03-16 21:56:06] [INFO ] Chunk 16 started (20 records) [thread 2]
[2026-03-16 21:56:06] [ERROR] Chunk 5 FAILED — Python exception: KeyError: 'Project Start and Expiration date'

At:
  c:\Users\Amber\Downloads\minor project\rera_process.py(54): process_rera_row

[2026-03-16 21:56:06] [ERROR] Chunk 7 FAILED — Python exception: KeyError: 'Project Start and Expiration date'

At:
  c:\Users\Amber\Downloads\minor project\rera_process.py(54): process_rera_row

[2026-03-16 21:56:06] [INFO ] Chunk 17 started (20 records) [thread 4]
[2026-03-16 21:56:06] [ERROR] Chunk 4 FAILED — Python exception: KeyError: 'Project Start and Expiration date'

At:
  c:\Users\Amber\Downloads\minor project\rera_process.py(54): process_rera_row

[2026-03-16 21:56:06] [INFO ] Chunk 18 started (20 records) [thread 7]
[2026-03-16 21:56:06] [ERROR] Chunk 10 FAILED — Python exception: KeyError: 'Project Start and Expiration date'

At:
  c:\Users\Amber\Downloads\minor project\rera_process.py(54): process_rera_row

[2026-03-16 21:56:06] [ERROR] Chunk 15 FAILED — Python exception: KeyError: 'Project Start and Expiration date'

At:
  c:\Users\Amber\Downloads\minor project\rera_process.py(54): process_rera_row

[2026-03-16 21:56:06] [INFO ] Chunk 20 started (20 records) [thread 1]
[2026-03-16 21:56:06] [INFO ] Chunk 21 started (20 records) [thread 3]
[2026-03-16 21:56:06] [INFO ] Chunk 19 started (20 records) [thread 5]
[2026-03-16 21:56:06] [ERROR] Chunk 17 FAILED — Python exception: KeyError: 'Project Start and Expiration date'

At:
  c:\Users\Amber\Downloads\minor project\rera_process.py(54): process_rera_row

[2026-03-16 21:56:06] [INFO ] Chunk 22 started (20 records) [thread 4]
[2026-03-16 21:56:06] [ERROR] Chunk 14 FAILED — Python exception: KeyError: 'Project Start and Expiration date'

At:
  c:\Users\Amber\Downloads\minor project\rera_process.py(54): process_rera_row

[2026-03-16 21:56:06] [ERROR] Chunk 19 FAILED — Python exception: KeyError: 'Project Start and Expiration date'

At:
  c:\Users\Amber\Downloads\minor project\rera_process.py(54): process_rera_row

[2026-03-16 21:56:06] [INFO ] Chunk 23 started (20 records) [thread 6]
[2026-03-16 21:56:06] [ERROR] Chunk 20 FAILED — Python exception: KeyError: 'Project Start and Expiration date'

At:
  c:\Users\Amber\Downloads\minor project\rera_process.py(54): process_rera_row

[2026-03-16 21:56:06] [INFO ] Chunk 24 started (20 records) [thread 5]
[2026-03-16 21:56:06] [ERROR] Chunk 8 FAILED — Python exception: KeyError: 'Project Start and Expiration date'

At:
  c:\Users\Amber\Downloads\minor project\rera_process.py(54): process_rera_row
  c:\Users\Amber\Downloads\minor project\chunkflow\__init__.py(165): process
  c:\Users\Amber\Downloads\minor project\rera_process.py(145): <module>

[2026-03-16 21:56:06] [INFO ] Chunk 26 started (20 records) [thread 0]
[2026-03-16 21:56:06] [ERROR] Chunk 23 FAILED — Python exception: KeyError: 'Project Start and Expiration date'

At:
  c:\Users\Amber\Downloads\minor project\rera_process.py(54): process_rera_row

[2026-03-16 21:56:06] [ERROR] Chunk 21 FAILED — Python exception: KeyError: 'Project Start and Expiration date'

At:
  c:\Users\Amber\Downloads\minor project\rera_process.py(54): process_rera_row

[2026-03-16 21:56:06] [INFO ] Chunk 28 started (20 records) [thread 3]
[2026-03-16 21:56:06] [ERROR] Chunk 16 FAILED — Python exception: KeyError: 'Project Start and Expiration date'

At:
  c:\Users\Amber\Downloads\minor project\rera_process.py(54): process_rera_row

[2026-03-16 21:56:06] [ERROR] Chunk 18 FAILED — Python exception: KeyError: 'Project Start and Expiration date'

At:
  c:\Users\Amber\Downloads\minor project\rera_process.py(54): process_rera_row

[2026-03-16 21:56:06] [INFO ] Chunk 25 started (20 records) [thread 1]
[2026-03-16 21:56:06] [INFO ] Chunk 27 started (20 records) [thread 6]
[2026-03-16 21:56:06] [ERROR] Chunk 22 FAILED — Python exception: KeyError: 'Project Start and Expiration date'

At:
  c:\Users\Amber\Downloads\minor project\rera_process.py(54): process_rera_row

[2026-03-16 21:56:06] [INFO ] Chunk 29 started (20 records) [thread 2]
[2026-03-16 21:56:06] [ERROR] Chunk 28 FAILED — Python exception: KeyError: 'Project Start and Expiration date'

At:
  c:\Users\Amber\Downloads\minor project\rera_process.py(54): process_rera_row

[2026-03-16 21:56:06] [INFO ] Chunk 30 started (20 records) [thread 7]
[2026-03-16 21:56:06] [INFO ] Chunk 32 started (20 records) [thread 3]
[2026-03-16 21:56:06] [INFO ] Chunk 31 started (20 records) [thread 4]
[2026-03-16 21:56:06] [ERROR] Chunk 26 FAILED — Python exception: KeyError: 'Project Start and Expiration date'

At:
  c:\Users\Amber\Downloads\minor project\rera_process.py(54): process_rera_row
  c:\Users\Amber\Downloads\minor project\chunkflow\__init__.py(165): process
  c:\Users\Amber\Downloads\minor project\rera_process.py(145): <module>

[2026-03-16 21:56:06] [INFO ] Chunk 33 started (20 records) [thread 0]
[2026-03-16 21:56:06] [ERROR] Chunk 27 FAILED — Python exception: KeyError: 'Project Start and Expiration date'

At:
  c:\Users\Amber\Downloads\minor project\rera_process.py(54): process_rera_row

[2026-03-16 21:56:06] [ERROR] Chunk 29 FAILED — Python exception: KeyError: 'Project Start and Expiration date'

At:
  c:\Users\Amber\Downloads\minor project\rera_process.py(54): process_rera_row

[2026-03-16 21:56:06] [ERROR] Chunk 30 FAILED — Python exception: KeyError: 'Project Start and Expiration date'

At:
  c:\Users\Amber\Downloads\minor project\rera_process.py(54): process_rera_row

[2026-03-16 21:56:06] [ERROR] Chunk 24 FAILED — Python exception: KeyError: 'Project Start and Expiration date'

At:
  c:\Users\Amber\Downloads\minor project\rera_process.py(54): process_rera_row

[2026-03-16 21:56:06] [ERROR] Chunk 33 FAILED — Python exception: KeyError: 'Project Start and Expiration date'

At:
  c:\Users\Amber\Downloads\minor project\rera_process.py(54): process_rera_row
  c:\Users\Amber\Downloads\minor project\chunkflow\__init__.py(165): process
  c:\Users\Amber\Downloads\minor project\rera_process.py(145): <module>

[2026-03-16 21:56:06] [INFO ] Chunk 38 started (20 records) [thread 0]
[2026-03-16 21:56:06] [ERROR] Chunk 31 FAILED — Python exception: KeyError: 'Project Start and Expiration date'

At:
  c:\Users\Amber\Downloads\minor project\rera_process.py(54): process_rera_row

[2026-03-16 21:56:06] [INFO ] Chunk 36 started (20 records) [thread 7]
[2026-03-16 21:56:06] [INFO ] Chunk 34 started (20 records) [thread 6]
[2026-03-16 21:56:06] [ERROR] Chunk 38 FAILED — Python exception: KeyError: 'Project Start and Expiration date'

At:
  c:\Users\Amber\Downloads\minor project\rera_process.py(54): process_rera_row
  c:\Users\Amber\Downloads\minor project\chunkflow\__init__.py(165): process
  c:\Users\Amber\Downloads\minor project\rera_process.py(145): <module>

[2026-03-16 21:56:06] [INFO ] Chunk 35 started (20 records) [thread 2]
[2026-03-16 21:56:06] [INFO ] Chunk 39 started (20 records) [thread 4]
[2026-03-16 21:56:06] [INFO ] Chunk 37 started (20 records) [thread 5]
[2026-03-16 21:56:06] [INFO ] Chunk 40 started (20 records) [thread 0]
[2026-03-16 21:56:06] [ERROR] Chunk 25 FAILED — Python exception: KeyError: 'Project Start and Expiration date'

At:
  c:\Users\Amber\Downloads\minor project\rera_process.py(54): process_rera_row

[2026-03-16 21:56:06] [ERROR] Chunk 32 FAILED — Python exception: KeyError: 'Project Start and Expiration date'

At:
  c:\Users\Amber\Downloads\minor project\rera_process.py(54): process_rera_row

[2026-03-16 21:56:06] [INFO ] Chunk 41 started (20 records) [thread 1]
[2026-03-16 21:56:06] [ERROR] Chunk 37 FAILED — Python exception: KeyError: 'Project Start and Expiration date'

At:
  c:\Users\Amber\Downloads\minor project\rera_process.py(54): process_rera_row

[2026-03-16 21:56:06] [INFO ] Chunk 42 started (20 records) [thread 3]
[2026-03-16 21:56:06] [ERROR] Chunk 35 FAILED — Python exception: KeyError: 'Project Start and Expiration date'

At:
  c:\Users\Amber\Downloads\minor project\rera_process.py(54): process_rera_row

[2026-03-16 21:56:06] [INFO ] Chunk 43 started (20 records) [thread 5]
[2026-03-16 21:56:06] [INFO ] Chunk 44 started (20 records) [thread 2]
[2026-03-16 21:56:06] [ERROR] Chunk 41 FAILED — Python exception: KeyError: 'Project Start and Expiration date'

At:
  c:\Users\Amber\Downloads\minor project\rera_process.py(54): process_rera_row

[2026-03-16 21:56:06] [INFO ] Chunk 45 started (20 records) [thread 1]
[2026-03-16 21:56:06] [ERROR] Chunk 36 FAILED — Python exception: KeyError: 'Project Start and Expiration date'

At:
  c:\Users\Amber\Downloads\minor project\rera_process.py(54): process_rera_row

[2026-03-16 21:56:06] [INFO ] Chunk 46 started (20 records) [thread 7]
[2026-03-16 21:56:06] [ERROR] Chunk 42 FAILED — Python exception: KeyError: 'Project Start and Expiration date'

At:
  c:\Users\Amber\Downloads\minor project\rera_process.py(54): process_rera_row

[2026-03-16 21:56:06] [INFO ] Chunk 47 started (20 records) [thread 3]
[2026-03-16 21:56:06] [ERROR] Chunk 44 FAILED — Python exception: KeyError: 'Project Start and Expiration date'

At:
  c:\Users\Amber\Downloads\minor project\rera_process.py(54): process_rera_row

[2026-03-16 21:56:06] [INFO ] Chunk 48 started (20 records) [thread 2]
[2026-03-16 21:56:06] [ERROR] Chunk 45 FAILED — Python exception: KeyError: 'Project Start and Expiration date'

At:
  c:\Users\Amber\Downloads\minor project\rera_process.py(54): process_rera_row

[2026-03-16 21:56:06] [ERROR] Chunk 39 FAILED — Python exception: KeyError: 'Project Start and Expiration date'

At:
  c:\Users\Amber\Downloads\minor project\rera_process.py(54): process_rera_row

[2026-03-16 21:56:06] [ERROR] Chunk 34 FAILED — Python exception: KeyError: 'Project Start and Expiration date'

At:
  c:\Users\Amber\Downloads\minor project\rera_process.py(54): process_rera_row

[2026-03-16 21:56:06] [INFO ] Chunk 49 started (20 records) [thread 1]
[2026-03-16 21:56:06] [INFO ] Chunk 50 started (20 records) [thread 4]
[2026-03-16 21:56:06] [INFO ] Chunk 51 started (20 records) [thread 6]
[2026-03-16 21:56:06] [ERROR] Chunk 51 FAILED — Python exception: KeyError: 'Project Start and Expiration date'

At:
  c:\Users\Amber\Downloads\minor project\rera_process.py(54): process_rera_row

[2026-03-16 21:56:06] [INFO ] Chunk 52 started (20 records) [thread 6]
[2026-03-16 21:56:06] [ERROR] Chunk 49 FAILED — Python exception: KeyError: 'Project Start and Expiration date'

At:
  c:\Users\Amber\Downloads\minor project\rera_process.py(54): process_rera_row

[2026-03-16 21:56:06] [INFO ] Chunk 53 started (20 records) [thread 1]
[2026-03-16 21:56:06] [ERROR] Chunk 48 FAILED — Python exception: KeyError: 'Project Start and Expiration date'

At:
  c:\Users\Amber\Downloads\minor project\rera_process.py(54): process_rera_row

[2026-03-16 21:56:06] [ERROR] Chunk 40 FAILED — Python exception: KeyError: 'Project Start and Expiration date'

At:
  c:\Users\Amber\Downloads\minor project\rera_process.py(54): process_rera_row
  c:\Users\Amber\Downloads\minor project\chunkflow\__init__.py(165): process
  c:\Users\Amber\Downloads\minor project\rera_process.py(145): <module>

[2026-03-16 21:56:06] [INFO ] Chunk 54 started (20 records) [thread 2]
[2026-03-16 21:56:06] [INFO ] Chunk 55 started (20 records) [thread 0]
[2026-03-16 21:56:06] [ERROR] Chunk 52 FAILED — Python exception: KeyError: 'Project Start and Expiration date'

At:
  c:\Users\Amber\Downloads\minor project\rera_process.py(54): process_rera_row

[2026-03-16 21:56:06] [ERROR] Chunk 53 FAILED — Python exception: KeyError: 'Project Start and Expiration date'

At:
  c:\Users\Amber\Downloads\minor project\rera_process.py(54): process_rera_row

[2026-03-16 21:56:06] [INFO ] Chunk 56 started (20 records) [thread 6]
[2026-03-16 21:56:06] [ERROR] Chunk 54 FAILED — Python exception: KeyError: 'Project Start and Expiration date'

At:
  c:\Users\Amber\Downloads\minor project\rera_process.py(54): process_rera_row

[2026-03-16 21:56:06] [INFO ] Chunk 57 started (20 records) [thread 1]
[2026-03-16 21:56:06] [ERROR] Chunk 55 FAILED — Python exception: KeyError: 'Project Start and Expiration date'

At:
  c:\Users\Amber\Downloads\minor project\rera_process.py(54): process_rera_row
  c:\Users\Amber\Downloads\minor project\chunkflow\__init__.py(165): process
  c:\Users\Amber\Downloads\minor project\rera_process.py(145): <module>

[2026-03-16 21:56:06] [INFO ] Chunk 58 started (20 records) [thread 2]
[2026-03-16 21:56:06] [ERROR] Chunk 47 FAILED — Python exception: KeyError: 'Project Start and Expiration date'

At:
  c:\Users\Amber\Downloads\minor project\rera_process.py(54): process_rera_row

[2026-03-16 21:56:06] [ERROR] Chunk 43 FAILED — Python exception: KeyError: 'Project Start and Expiration date'

At:
  c:\Users\Amber\Downloads\minor project\rera_process.py(54): process_rera_row

[2026-03-16 21:56:06] [INFO ] Chunk 59 started (20 records) [thread 0]
[2026-03-16 21:56:06] [INFO ] Chunk 60 started (20 records) [thread 3]
[2026-03-16 21:56:06] [INFO ] Chunk 61 started (20 records) [thread 5]
[2026-03-16 21:56:06] [ERROR] Chunk 50 FAILED — Python exception: KeyError: 'Project Start and Expiration date'

At:
  c:\Users\Amber\Downloads\minor project\rera_process.py(54): process_rera_row

[2026-03-16 21:56:06] [ERROR] Chunk 60 FAILED — Python exception: KeyError: 'Project Start and Expiration date'

At:
  c:\Users\Amber\Downloads\minor project\rera_process.py(54): process_rera_row

[2026-03-16 21:56:06] [INFO ] Chunk 62 started (19 records) [thread 4]
[2026-03-16 21:56:06] [ERROR] Chunk 46 FAILED — Python exception: KeyError: 'Project Start and Expiration date'

At:
  c:\Users\Amber\Downloads\minor project\rera_process.py(54): process_rera_row

[2026-03-16 21:56:06] [ERROR] Chunk 56 FAILED — Python exception: KeyError: 'Project Start and Expiration date'

At:
  c:\Users\Amber\Downloads\minor project\rera_process.py(54): process_rera_row

[2026-03-16 21:56:06] [ERROR] Chunk 62 FAILED — Python exception: KeyError: 'Project Start and Expiration date'

At:
  c:\Users\Amber\Downloads\minor project\rera_process.py(54): process_rera_row

[2026-03-16 21:56:06] [ERROR] Chunk 57 FAILED — Python exception: KeyError: 'Project Start and Expiration date'

At:
  c:\Users\Amber\Downloads\minor project\rera_process.py(54): process_rera_row

[2026-03-16 21:56:06] [ERROR] Chunk 61 FAILED — Python exception: KeyError: 'Project Start and Expiration date'

At:
  c:\Users\Amber\Downloads\minor project\rera_process.py(54): process_rera_row

[2026-03-16 21:56:06] [ERROR] Chunk 59 FAILED — Python exception: KeyError: 'Project Start and Expiration date'

At:
  c:\Users\Amber\Downloads\minor project\rera_process.py(54): process_rera_row
  c:\Users\Amber\Downloads\minor project\chunkflow\__init__.py(165): process
  c:\Users\Amber\Downloads\minor project\rera_process.py(145): <module>

[2026-03-16 21:56:06] [ERROR] Chunk 58 FAILED — Python exception: KeyError: 'Project Start and Expiration date'

At:
  c:\Users\Amber\Downloads\minor project\rera_process.py(54): process_rera_row

[2026-03-16 21:56:06] [INFO ] Finished — done=0 skipped=0 failed=63 elapsed=0.006871s
[2026-03-16 21:56:09] [INFO] ──────────── chunkflow session started ────────────
[2026-03-16 21:56:09] [INFO ] Records: 1259 | Chunks: 63 | Chunk size: 20 | Threads: 8
[2026-03-16 21:56:09] [INFO ] Chunk 0 started (20 records) [thread 3]
[2026-03-16 21:56:09] [INFO ] Chunk 2 started (20 records) [thread 6]
[2026-03-16 21:56:09] [INFO ] Chunk 1 started (20 records) [thread 2]
[2026-03-16 21:56:09] [INFO ] Chunk 3 started (20 records) [thread 5]
[2026-03-16 21:56:09] [INFO ] Chunk 4 started (20 records) [thread 1]
[2026-03-16 21:56:09] [INFO ] Chunk 5 started (20 records) [thread 0]
[2026-03-16 21:56:09] [INFO ] Chunk 6 started (20 records) [thread 4]
[2026-03-16 21:56:09] [INFO ] Chunk 7 started (20 records) [thread 7]
[2026-03-16 21:56:09] [ERROR] Chunk 6 FAILED — Python exception: KeyError: 'Project Start and Expiration date'

At:
  c:\Users\Amber\Downloads\minor project\rera_process.py(54): process_rera_row

[2026-03-16 21:56:09] [INFO ] Chunk 8 started (20 records) [thread 4]
[2026-03-16 21:56:09] [ERROR] Chunk 3 FAILED — Python exception: KeyError: 'Project Start and Expiration date'

At:
  c:\Users\Amber\Downloads\minor project\rera_process.py(54): process_rera_row

[2026-03-16 21:56:09] [ERROR] Chunk 0 FAILED — Python exception: KeyError: 'Project Start and Expiration date'

At:
  c:\Users\Amber\Downloads\minor project\rera_process.py(54): process_rera_row

[2026-03-16 21:56:09] [INFO ] Chunk 9 started (20 records) [thread 5]
[2026-03-16 21:56:09] [ERROR] Chunk 7 FAILED — Python exception: KeyError: 'Project Start and Expiration date'

At:
  c:\Users\Amber\Downloads\minor project\rera_process.py(54): process_rera_row

[2026-03-16 21:56:09] [ERROR] Chunk 8 FAILED — Python exception: KeyError: 'Project Start and Expiration date'

At:
  c:\Users\Amber\Downloads\minor project\rera_process.py(54): process_rera_row

[2026-03-16 21:56:09] [INFO ] Chunk 10 started (20 records) [thread 3]
[2026-03-16 21:56:09] [ERROR] Chunk 1 FAILED — Python exception: KeyError: 'Project Start and Expiration date'

At:
  c:\Users\Amber\Downloads\minor project\rera_process.py(54): process_rera_row

[2026-03-16 21:56:09] [INFO ] Chunk 11 started (20 records) [thread 7]
[2026-03-16 21:56:09] [ERROR] Chunk 4 FAILED — Python exception: KeyError: 'Project Start and Expiration date'

At:
  c:\Users\Amber\Downloads\minor project\rera_process.py(54): process_rera_row

[2026-03-16 21:56:09] [INFO ] Chunk 12 started (20 records) [thread 4]
[2026-03-16 21:56:09] [ERROR] Chunk 2 FAILED — Python exception: KeyError: 'Project Start and Expiration date'

At:
  c:\Users\Amber\Downloads\minor project\rera_process.py(54): process_rera_row

[2026-03-16 21:56:09] [INFO ] Chunk 13 started (20 records) [thread 2]
[2026-03-16 21:56:09] [INFO ] Chunk 14 started (20 records) [thread 1]
[2026-03-16 21:56:09] [ERROR] Chunk 5 FAILED — Python exception: KeyError: 'Project Start and Expiration date'

At:
  c:\Users\Amber\Downloads\minor project\rera_process.py(54): process_rera_row
  c:\Users\Amber\Downloads\minor project\chunkflow\__init__.py(165): process
  c:\Users\Amber\Downloads\minor project\rera_process.py(145): <module>

[2026-03-16 21:56:09] [INFO ] Chunk 15 started (20 records) [thread 6]
[2026-03-16 21:56:09] [INFO ] Chunk 16 started (20 records) [thread 0]
[2026-03-16 21:56:09] [ERROR] Chunk 13 FAILED — Python exception: KeyError: 'Project Start and Expiration date'

At:
  c:\Users\Amber\Downloads\minor project\rera_process.py(54): process_rera_row

[2026-03-16 21:56:09] [INFO ] Chunk 17 started (20 records) [thread 2]
[2026-03-16 21:56:09] [ERROR] Chunk 12 FAILED — Python exception: KeyError: 'Project Start and Expiration date'

At:
  c:\Users\Amber\Downloads\minor project\rera_process.py(54): process_rera_row

[2026-03-16 21:56:09] [INFO ] Chunk 18 started (20 records) [thread 4]
[2026-03-16 21:56:09] [ERROR] Chunk 17 FAILED — Python exception: KeyError: 'Project Start and Expiration date'

At:
  c:\Users\Amber\Downloads\minor project\rera_process.py(54): process_rera_row

[2026-03-16 21:56:09] [INFO ] Chunk 19 started (20 records) [thread 2]
[2026-03-16 21:56:09] [ERROR] Chunk 15 FAILED — Python exception: KeyError: 'Project Start and Expiration date'

At:
  c:\Users\Amber\Downloads\minor project\rera_process.py(54): process_rera_row

[2026-03-16 21:56:09] [INFO ] Chunk 20 started (20 records) [thread 6]
[2026-03-16 21:56:09] [ERROR] Chunk 14 FAILED — Python exception: KeyError: 'Project Start and Expiration date'

At:
  c:\Users\Amber\Downloads\minor project\rera_process.py(54): process_rera_row

[2026-03-16 21:56:09] [ERROR] Chunk 10 FAILED — Python exception: KeyError: 'Project Start and Expiration date'

At:
  c:\Users\Amber\Downloads\minor project\rera_process.py(54): process_rera_row

[2026-03-16 21:56:09] [INFO ] Chunk 21 started (20 records) [thread 1]
[2026-03-16 21:56:09] [INFO ] Chunk 22 started (20 records) [thread 3]
[2026-03-16 21:56:09] [ERROR] Chunk 19 FAILED — Python exception: KeyError: 'Project Start and Expiration date'

At:
  c:\Users\Amber\Downloads\minor project\rera_process.py(54): process_rera_row

[2026-03-16 21:56:09] [INFO ] Chunk 23 started (20 records) [thread 2]
[2026-03-16 21:56:09] [ERROR] Chunk 18 FAILED — Python exception: KeyError: 'Project Start and Expiration date'

At:
  c:\Users\Amber\Downloads\minor project\rera_process.py(54): process_rera_row

[2026-03-16 21:56:09] [INFO ] Chunk 24 started (20 records) [thread 4]
[2026-03-16 21:56:09] [ERROR] Chunk 9 FAILED — Python exception: KeyError: 'Project Start and Expiration date'

At:
  c:\Users\Amber\Downloads\minor project\rera_process.py(54): process_rera_row

[2026-03-16 21:56:09] [INFO ] Chunk 25 started (20 records) [thread 5]
[2026-03-16 21:56:09] [ERROR] Chunk 20 FAILED — Python exception: KeyError: 'Project Start and Expiration date'

At:
  c:\Users\Amber\Downloads\minor project\rera_process.py(54): process_rera_row

[2026-03-16 21:56:09] [INFO ] Chunk 26 started (20 records) [thread 6]
[2026-03-16 21:56:09] [ERROR] Chunk 24 FAILED — Python exception: KeyError: 'Project Start and Expiration date'

At:
  c:\Users\Amber\Downloads\minor project\rera_process.py(54): process_rera_row

[2026-03-16 21:56:09] [INFO ] Chunk 27 started (20 records) [thread 4]
[2026-03-16 21:56:09] [ERROR] Chunk 21 FAILED — Python exception: KeyError: 'Project Start and Expiration date'

At:
  c:\Users\Amber\Downloads\minor project\rera_process.py(54): process_rera_row

[2026-03-16 21:56:09] [ERROR] Chunk 16 FAILED — Python exception: KeyError: 'Project Start and Expiration date'

At:
  c:\Users\Amber\Downloads\minor project\rera_process.py(54): process_rera_row
  c:\Users\Amber\Downloads\minor project\chunkflow\__init__.py(165): process
  c:\Users\Amber\Downloads\minor project\rera_process.py(145): <module>

[2026-03-16 21:56:09] [INFO ] Chunk 29 started (20 records) [thread 0]
[2026-03-16 21:56:09] [INFO ] Chunk 28 started (20 records) [thread 1]
[2026-03-16 21:56:09] [ERROR] Chunk 26 FAILED — Python exception: KeyError: 'Project Start and Expiration date'

At:
  c:\Users\Amber\Downloads\minor project\rera_process.py(54): process_rera_row

[2026-03-16 21:56:09] [ERROR] Chunk 27 FAILED — Python exception: KeyError: 'Project Start and Expiration date'

At:
  c:\Users\Amber\Downloads\minor project\rera_process.py(54): process_rera_row

[2026-03-16 21:56:09] [ERROR] Chunk 23 FAILED — Python exception: KeyError: 'Project Start and Expiration date'

At:
  c:\Users\Amber\Downloads\minor project\rera_process.py(54): process_rera_row

[2026-03-16 21:56:09] [INFO ] Chunk 30 started (20 records) [thread 6]
[2026-03-16 21:56:09] [INFO ] Chunk 31 started (20 records) [thread 4]
[2026-03-16 21:56:09] [ERROR] Chunk 25 FAILED — Python exception: KeyError: 'Project Start and Expiration date'

At:
  c:\Users\Amber\Downloads\minor project\rera_process.py(54): process_rera_row

[2026-03-16 21:56:09] [ERROR] Chunk 29 FAILED — Python exception: KeyError: 'Project Start and Expiration date'

At:
  c:\Users\Amber\Downloads\minor project\rera_process.py(54): process_rera_row
  c:\Users\Amber\Downloads\minor project\chunkflow\__init__.py(165): process
  c:\Users\Amber\Downloads\minor project\rera_process.py(145): <module>

[2026-03-16 21:56:09] [ERROR] Chunk 28 FAILED — Python exception: KeyError: 'Project Start and Expiration date'

At:
  c:\Users\Amber\Downloads\minor project\rera_process.py(54): process_rera_row

[2026-03-16 21:56:09] [INFO ] Chunk 32 started (20 records) [thread 2]
[2026-03-16 21:56:09] [INFO ] Chunk 33 started (20 records) [thread 5]
[2026-03-16 21:56:09] [ERROR] Chunk 22 FAILED — Python exception: KeyError: 'Project Start and Expiration date'

At:
  c:\Users\Amber\Downloads\minor project\rera_process.py(54): process_rera_row

[2026-03-16 21:56:09] [ERROR] Chunk 11 FAILED — Python exception: KeyError: 'Project Start and Expiration date'

At:
  c:\Users\Amber\Downloads\minor project\rera_process.py(54): process_rera_row

[2026-03-16 21:56:09] [INFO ] Chunk 34 started (20 records) [thread 0]
[2026-03-16 21:56:09] [INFO ] Chunk 35 started (20 records) [thread 1]
[2026-03-16 21:56:09] [ERROR] Chunk 30 FAILED — Python exception: KeyError: 'Project Start and Expiration date'

At:
  c:\Users\Amber\Downloads\minor project\rera_process.py(54): process_rera_row

[2026-03-16 21:56:09] [INFO ] Chunk 36 started (20 records) [thread 3]
[2026-03-16 21:56:09] [INFO ] Chunk 37 started (20 records) [thread 7]
[2026-03-16 21:56:09] [ERROR] Chunk 32 FAILED — Python exception: KeyError: 'Project Start and Expiration date'

At:
  c:\Users\Amber\Downloads\minor project\rera_process.py(54): process_rera_row

[2026-03-16 21:56:09] [INFO ] Chunk 38 started (20 records) [thread 6]
[2026-03-16 21:56:09] [INFO ] Chunk 39 started (20 records) [thread 2]
[2026-03-16 21:56:09] [ERROR] Chunk 38 FAILED — Python exception: KeyError: 'Project Start and Expiration date'

At:
  c:\Users\Amber\Downloads\minor project\rera_process.py(54): process_rera_row

[2026-03-16 21:56:09] [INFO ] Chunk 40 started (20 records) [thread 6]
[2026-03-16 21:56:09] [ERROR] Chunk 37 FAILED — Python exception: KeyError: 'Project Start and Expiration date'

At:
  c:\Users\Amber\Downloads\minor project\rera_process.py(54): process_rera_row

[2026-03-16 21:56:09] [ERROR] Chunk 35 FAILED — Python exception: KeyError: 'Project Start and Expiration date'

At:
  c:\Users\Amber\Downloads\minor project\rera_process.py(54): process_rera_row

[2026-03-16 21:56:09] [INFO ] Chunk 41 started (20 records) [thread 7]
[2026-03-16 21:56:09] [ERROR] Chunk 36 FAILED — Python exception: KeyError: 'Project Start and Expiration date'

At:
  c:\Users\Amber\Downloads\minor project\rera_process.py(54): process_rera_row

[2026-03-16 21:56:09] [INFO ] Chunk 42 started (20 records) [thread 1]
[2026-03-16 21:56:09] [ERROR] Chunk 34 FAILED — Python exception: KeyError: 'Project Start and Expiration date'

At:
  c:\Users\Amber\Downloads\minor project\rera_process.py(54): process_rera_row
  c:\Users\Amber\Downloads\minor project\chunkflow\__init__.py(165): process
  c:\Users\Amber\Downloads\minor project\rera_process.py(145): <module>

[2026-03-16 21:56:09] [INFO ] Chunk 43 started (20 records) [thread 3]
[2026-03-16 21:56:09] [ERROR] Chunk 31 FAILED — Python exception: KeyError: 'Project Start and Expiration date'

At:
  c:\Users\Amber\Downloads\minor project\rera_process.py(54): process_rera_row

[2026-03-16 21:56:09] [ERROR] Chunk 33 FAILED — Python exception: KeyError: 'Project Start and Expiration date'

At:
  c:\Users\Amber\Downloads\minor project\rera_process.py(54): process_rera_row

[2026-03-16 21:56:09] [INFO ] Chunk 44 started (20 records) [thread 0]
[2026-03-16 21:56:09] [INFO ] Chunk 45 started (20 records) [thread 4]
[2026-03-16 21:56:09] [ERROR] Chunk 40 FAILED — Python exception: KeyError: 'Project Start and Expiration date'

At:
  c:\Users\Amber\Downloads\minor project\rera_process.py(54): process_rera_row

[2026-03-16 21:56:09] [INFO ] Chunk 46 started (20 records) [thread 5]
[2026-03-16 21:56:09] [ERROR] Chunk 41 FAILED — Python exception: KeyError: 'Project Start and Expiration date'

At:
  c:\Users\Amber\Downloads\minor project\rera_process.py(54): process_rera_row

[2026-03-16 21:56:09] [INFO ] Chunk 47 started (20 records) [thread 6]
[2026-03-16 21:56:09] [ERROR] Chunk 44 FAILED — Python exception: KeyError: 'Project Start and Expiration date'

At:
  c:\Users\Amber\Downloads\minor project\rera_process.py(54): process_rera_row
  c:\Users\Amber\Downloads\minor project\chunkflow\__init__.py(165): process
  c:\Users\Amber\Downloads\minor project\rera_process.py(145): <module>

[2026-03-16 21:56:09] [INFO ] Chunk 48 started (20 records) [thread 7]
[2026-03-16 21:56:09] [INFO ] Chunk 49 started (20 records) [thread 0]
[2026-03-16 21:56:09] [ERROR] Chunk 49 FAILED — Python exception: KeyError: 'Project Start and Expiration date'

At:
  c:\Users\Amber\Downloads\minor project\rera_process.py(54): process_rera_row
  c:\Users\Amber\Downloads\minor project\chunkflow\__init__.py(165): process
  c:\Users\Amber\Downloads\minor project\rera_process.py(145): <module>

[2026-03-16 21:56:09] [INFO ] Chunk 50 started (20 records) [thread 0]
[2026-03-16 21:56:09] [ERROR] Chunk 39 FAILED — Python exception: KeyError: 'Project Start and Expiration date'

At:
  c:\Users\Amber\Downloads\minor project\rera_process.py(54): process_rera_row

[2026-03-16 21:56:09] [INFO ] Chunk 51 started (20 records) [thread 2]
[2026-03-16 21:56:09] [ERROR] Chunk 48 FAILED — Python exception: KeyError: 'Project Start and Expiration date'

At:
  c:\Users\Amber\Downloads\minor project\rera_process.py(54): process_rera_row

[2026-03-16 21:56:09] [ERROR] Chunk 42 FAILED — Python exception: KeyError: 'Project Start and Expiration date'

At:
  c:\Users\Amber\Downloads\minor project\rera_process.py(54): process_rera_row

[2026-03-16 21:56:09] [ERROR] Chunk 43 FAILED — Python exception: KeyError: 'Project Start and Expiration date'

At:
  c:\Users\Amber\Downloads\minor project\rera_process.py(54): process_rera_row

[2026-03-16 21:56:09] [ERROR] Chunk 45 FAILED — Python exception: KeyError: 'Project Start and Expiration date'

At:
  c:\Users\Amber\Downloads\minor project\rera_process.py(54): process_rera_row

[2026-03-16 21:56:09] [ERROR] Chunk 46 FAILED — Python exception: KeyError: 'Project Start and Expiration date'

At:
  c:\Users\Amber\Downloads\minor project\rera_process.py(54): process_rera_row

[2026-03-16 21:56:09] [ERROR] Chunk 51 FAILED — Python exception: KeyError: 'Project Start and Expiration date'

At:
  c:\Users\Amber\Downloads\minor project\rera_process.py(54): process_rera_row

[2026-03-16 21:56:09] [INFO ] Chunk 52 started (20 records) [thread 7]
[2026-03-16 21:56:09] [INFO ] Chunk 56 started (20 records) [thread 5]
[2026-03-16 21:56:09] [INFO ] Chunk 54 started (20 records) [thread 3]
[2026-03-16 21:56:09] [ERROR] Chunk 47 FAILED — Python exception: KeyError: 'Project Start and Expiration date'

At:
  c:\Users\Amber\Downloads\minor project\rera_process.py(54): process_rera_row

[2026-03-16 21:56:09] [INFO ] Chunk 55 started (20 records) [thread 4]
[2026-03-16 21:56:09] [ERROR] Chunk 52 FAILED — Python exception: KeyError: 'Project Start and Expiration date'

At:
  c:\Users\Amber\Downloads\minor project\rera_process.py(54): process_rera_row

[2026-03-16 21:56:09] [INFO ] Chunk 57 started (20 records) [thread 2]
[2026-03-16 21:56:09] [ERROR] Chunk 50 FAILED — Python exception: KeyError: 'Project Start and Expiration date'

At:
  c:\Users\Amber\Downloads\minor project\rera_process.py(54): process_rera_row
  c:\Users\Amber\Downloads\minor project\chunkflow\__init__.py(165): process
  c:\Users\Amber\Downloads\minor project\rera_process.py(145): <module>

[2026-03-16 21:56:09] [INFO ] Chunk 58 started (20 records) [thread 6]
[2026-03-16 21:56:09] [INFO ] Chunk 53 started (20 records) [thread 1]
[2026-03-16 21:56:09] [INFO ] Chunk 59 started (20 records) [thread 7]
[2026-03-16 21:56:09] [ERROR] Chunk 54 FAILED — Python exception: KeyError: 'Project Start and Expiration date'

At:
  c:\Users\Amber\Downloads\minor project\rera_process.py(54): process_rera_row

[2026-03-16 21:56:09] [INFO ] Chunk 60 started (20 records) [thread 0]
[2026-03-16 21:56:09] [ERROR] Chunk 55 FAILED — Python exception: KeyError: 'Project Start and Expiration date'

At:
  c:\Users\Amber\Downloads\minor project\rera_process.py(54): process_rera_row

[2026-03-16 21:56:09] [INFO ] Chunk 61 started (20 records) [thread 3]
[2026-03-16 21:56:09] [ERROR] Chunk 56 FAILED — Python exception: KeyError: 'Project Start and Expiration date'

At:
  c:\Users\Amber\Downloads\minor project\rera_process.py(54): process_rera_row

[2026-03-16 21:56:09] [INFO ] Chunk 62 started (19 records) [thread 4]
[2026-03-16 21:56:09] [ERROR] Chunk 58 FAILED — Python exception: KeyError: 'Project Start and Expiration date'

At:
  c:\Users\Amber\Downloads\minor project\rera_process.py(54): process_rera_row

[2026-03-16 21:56:09] [ERROR] Chunk 57 FAILED — Python exception: KeyError: 'Project Start and Expiration date'

At:
  c:\Users\Amber\Downloads\minor project\rera_process.py(54): process_rera_row

[2026-03-16 21:56:09] [ERROR] Chunk 53 FAILED — Python exception: KeyError: 'Project Start and Expiration date'

At:
  c:\Users\Amber\Downloads\minor project\rera_process.py(54): process_rera_row

[2026-03-16 21:56:09] [ERROR] Chunk 59 FAILED — Python exception: KeyError: 'Project Start and Expiration date'

At:
  c:\Users\Amber\Downloads\minor project\rera_process.py(54): process_rera_row

[2026-03-16 21:56:09] [ERROR] Chunk 61 FAILED — Python exception: KeyError: 'Project Start and Expiration date'

At:
  c:\Users\Amber\Downloads\minor project\rera_process.py(54): process_rera_row

[2026-03-16 21:56:09] [ERROR] Chunk 62 FAILED — Python exception: KeyError: 'Project Start and Expiration date'

At:
  c:\Users\Amber\Downloads\minor project\rera_process.py(54): process_rera_row

[2026-03-16 21:56:09] [ERROR] Chunk 60 FAILED — Python exception: KeyError: 'Project Start and Expiration date'

At:
  c:\Users\Amber\Downloads\minor project\rera_process.py(54): process_rera_row
  c:\Users\Amber\Downloads\minor project\chunkflow\__init__.py(165): process
  c:\Users\Amber\Downloads\minor project\rera_process.py(145): <module>

[2026-03-16 21:56:09] [INFO ] Finished — done=0 skipped=0 failed=63 elapsed=0.007026s
[2026-03-16 21:56:18] [INFO] ──────────── chunkflow session started ────────────
[2026-03-16 21:56:18] [INFO ] Records: 1259 | Chunks: 63 | Chunk size: 20 | Threads: 8
[2026-03-16 21:56:18] [INFO ] Chunk 0 started (20 records) [thread 5]
[2026-03-16 21:56:18] [INFO ] Chunk 1 started (20 records) [thread 3]
[2026-03-16 21:56:18] [INFO ] Chunk 3 started (20 records) [thread 0]
[2026-03-16 21:56:18] [INFO ] Chunk 4 started (20 records) [thread 4]
[2026-03-16 21:56:18] [INFO ] Chunk 2 started (20 records) [thread 1]
[2026-03-16 21:56:18] [INFO ] Chunk 5 started (20 records) [thread 2]
[2026-03-16 21:56:18] [INFO ] Chunk 6 started (20 records) [thread 6]
[2026-03-16 21:56:18] [INFO ] Chunk 7 started (20 records) [thread 7]
[2026-03-16 21:56:18] [ERROR] Chunk 1 FAILED — Python exception: KeyError: 'Project Start and Expiration date'

At:
  c:\Users\Amber\Downloads\minor project\rera_process.py(54): process_rera_row

[2026-03-16 21:56:18] [ERROR] Chunk 4 FAILED — Python exception: KeyError: 'Project Start and Expiration date'

At:
  c:\Users\Amber\Downloads\minor project\rera_process.py(54): process_rera_row

[2026-03-16 21:56:18] [INFO ] Chunk 8 started (20 records) [thread 3]
[2026-03-16 21:56:18] [INFO ] Chunk 9 started (20 records) [thread 4]
[2026-03-16 21:56:18] [ERROR] Chunk 6 FAILED — Python exception: KeyError: 'Project Start and Expiration date'

At:
  c:\Users\Amber\Downloads\minor project\rera_process.py(54): process_rera_row

[2026-03-16 21:56:18] [INFO ] Chunk 10 started (20 records) [thread 6]
[2026-03-16 21:56:18] [ERROR] Chunk 5 FAILED — Python exception: KeyError: 'Project Start and Expiration date'

At:
  c:\Users\Amber\Downloads\minor project\rera_process.py(54): process_rera_row

[2026-03-16 21:56:18] [ERROR] Chunk 2 FAILED — Python exception: KeyError: 'Project Start and Expiration date'

At:
  c:\Users\Amber\Downloads\minor project\rera_process.py(54): process_rera_row

[2026-03-16 21:56:18] [INFO ] Chunk 12 started (20 records) [thread 1]
[2026-03-16 21:56:18] [INFO ] Chunk 11 started (20 records) [thread 2]
[2026-03-16 21:56:18] [ERROR] Chunk 0 FAILED — Python exception: KeyError: 'Project Start and Expiration date'

At:
  c:\Users\Amber\Downloads\minor project\rera_process.py(54): process_rera_row

[2026-03-16 21:56:18] [ERROR] Chunk 7 FAILED — Python exception: KeyError: 'Project Start and Expiration date'

At:
  c:\Users\Amber\Downloads\minor project\rera_process.py(54): process_rera_row

[2026-03-16 21:56:18] [ERROR] Chunk 9 FAILED — Python exception: KeyError: 'Project Start and Expiration date'

At:
  c:\Users\Amber\Downloads\minor project\rera_process.py(54): process_rera_row

[2026-03-16 21:56:18] [ERROR] Chunk 8 FAILED — Python exception: KeyError: 'Project Start and Expiration date'

At:
  c:\Users\Amber\Downloads\minor project\rera_process.py(54): process_rera_row

[2026-03-16 21:56:18] [INFO ] Chunk 13 started (20 records) [thread 5]
[2026-03-16 21:56:18] [INFO ] Chunk 14 started (20 records) [thread 7]
[2026-03-16 21:56:18] [ERROR] Chunk 12 FAILED — Python exception: KeyError: 'Project Start and Expiration date'

At:
  c:\Users\Amber\Downloads\minor project\rera_process.py(54): process_rera_row

[2026-03-16 21:56:18] [INFO ] Chunk 15 started (20 records) [thread 4]
[2026-03-16 21:56:18] [INFO ] Chunk 16 started (20 records) [thread 3]
[2026-03-16 21:56:18] [ERROR] Chunk 11 FAILED — Python exception: KeyError: 'Project Start and Expiration date'

At:
  c:\Users\Amber\Downloads\minor project\rera_process.py(54): process_rera_row

[2026-03-16 21:56:18] [ERROR] Chunk 13 FAILED — Python exception: KeyError: 'Project Start and Expiration date'

At:
  c:\Users\Amber\Downloads\minor project\rera_process.py(54): process_rera_row

[2026-03-16 21:56:18] [INFO ] Chunk 17 started (20 records) [thread 1]
[2026-03-16 21:56:18] [INFO ] Chunk 18 started (20 records) [thread 2]
[2026-03-16 21:56:18] [ERROR] Chunk 14 FAILED — Python exception: KeyError: 'Project Start and Expiration date'

At:
  c:\Users\Amber\Downloads\minor project\rera_process.py(54): process_rera_row

[2026-03-16 21:56:18] [INFO ] Chunk 19 started (20 records) [thread 5]
[2026-03-16 21:56:18] [ERROR] Chunk 15 FAILED — Python exception: KeyError: 'Project Start and Expiration date'

At:
  c:\Users\Amber\Downloads\minor project\rera_process.py(54): process_rera_row

[2026-03-16 21:56:18] [ERROR] Chunk 3 FAILED — Python exception: KeyError: 'Project Start and Expiration date'

At:
  c:\Users\Amber\Downloads\minor project\rera_process.py(54): process_rera_row
  c:\Users\Amber\Downloads\minor project\chunkflow\__init__.py(165): process
  c:\Users\Amber\Downloads\minor project\rera_process.py(145): <module>

[2026-03-16 21:56:18] [ERROR] Chunk 10 FAILED — Python exception: KeyError: 'Project Start and Expiration date'

At:
  c:\Users\Amber\Downloads\minor project\rera_process.py(54): process_rera_row

[2026-03-16 21:56:18] [ERROR] Chunk 19 FAILED — Python exception: KeyError: 'Project Start and Expiration date'

At:
  c:\Users\Amber\Downloads\minor project\rera_process.py(54): process_rera_row

[2026-03-16 21:56:18] [INFO ] Chunk 21 started (20 records) [thread 4]
[2026-03-16 21:56:18] [INFO ] Chunk 20 started (20 records) [thread 7]
[2026-03-16 21:56:18] [INFO ] Chunk 22 started (20 records) [thread 0]
[2026-03-16 21:56:18] [ERROR] Chunk 16 FAILED — Python exception: KeyError: 'Project Start and Expiration date'

At:
  c:\Users\Amber\Downloads\minor project\rera_process.py(54): process_rera_row

[2026-03-16 21:56:18] [INFO ] Chunk 23 started (20 records) [thread 6]
[2026-03-16 21:56:18] [INFO ] Chunk 24 started (20 records) [thread 5]
[2026-03-16 21:56:18] [ERROR] Chunk 17 FAILED — Python exception: KeyError: 'Project Start and Expiration date'

At:
  c:\Users\Amber\Downloads\minor project\rera_process.py(54): process_rera_row

[2026-03-16 21:56:18] [ERROR] Chunk 18 FAILED — Python exception: KeyError: 'Project Start and Expiration date'

At:
  c:\Users\Amber\Downloads\minor project\rera_process.py(54): process_rera_row

[2026-03-16 21:56:18] [ERROR] Chunk 21 FAILED — Python exception: KeyError: 'Project Start and Expiration date'

At:
  c:\Users\Amber\Downloads\minor project\rera_process.py(54): process_rera_row

[2026-03-16 21:56:18] [INFO ] Chunk 26 started (20 records) [thread 1]
[2026-03-16 21:56:18] [INFO ] Chunk 27 started (20 records) [thread 2]
[2026-03-16 21:56:18] [INFO ] Chunk 25 started (20 records) [thread 3]
[2026-03-16 21:56:18] [INFO ] Chunk 28 started (20 records) [thread 4]
[2026-03-16 21:56:18] [ERROR] Chunk 20 FAILED — Python exception: KeyError: 'Project Start and Expiration date'

At:
  c:\Users\Amber\Downloads\minor project\rera_process.py(54): process_rera_row

[2026-03-16 21:56:18] [ERROR] Chunk 23 FAILED — Python exception: KeyError: 'Project Start and Expiration date'

At:
  c:\Users\Amber\Downloads\minor project\rera_process.py(54): process_rera_row

[2026-03-16 21:56:18] [INFO ] Chunk 30 started (20 records) [thread 6]
[2026-03-16 21:56:18] [ERROR] Chunk 24 FAILED — Python exception: KeyError: 'Project Start and Expiration date'

At:
  c:\Users\Amber\Downloads\minor project\rera_process.py(54): process_rera_row

[2026-03-16 21:56:18] [INFO ] Chunk 31 started (20 records) [thread 5]
[2026-03-16 21:56:18] [INFO ] Chunk 29 started (20 records) [thread 7]
[2026-03-16 21:56:18] [ERROR] Chunk 22 FAILED — Python exception: KeyError: 'Project Start and Expiration date'

At:
  c:\Users\Amber\Downloads\minor project\rera_process.py(54): process_rera_row
  c:\Users\Amber\Downloads\minor project\chunkflow\__init__.py(165): process
  c:\Users\Amber\Downloads\minor project\rera_process.py(145): <module>

[2026-03-16 21:56:18] [ERROR] Chunk 27 FAILED — Python exception: KeyError: 'Project Start and Expiration date'

At:
  c:\Users\Amber\Downloads\minor project\rera_process.py(54): process_rera_row

[2026-03-16 21:56:18] [ERROR] Chunk 30 FAILED — Python exception: KeyError: 'Project Start and Expiration date'

At:
  c:\Users\Amber\Downloads\minor project\rera_process.py(54): process_rera_row

[2026-03-16 21:56:18] [INFO ] Chunk 34 started (20 records) [thread 6]
[2026-03-16 21:56:18] [ERROR] Chunk 25 FAILED — Python exception: KeyError: 'Project Start and Expiration date'

At:
  c:\Users\Amber\Downloads\minor project\rera_process.py(54): process_rera_row

[2026-03-16 21:56:18] [INFO ] Chunk 35 started (20 records) [thread 3]
[2026-03-16 21:56:18] [INFO ] Chunk 32 started (20 records) [thread 0]
[2026-03-16 21:56:18] [INFO ] Chunk 33 started (20 records) [thread 2]
[2026-03-16 21:56:18] [ERROR] Chunk 26 FAILED — Python exception: KeyError: 'Project Start and Expiration date'

At:
  c:\Users\Amber\Downloads\minor project\rera_process.py(54): process_rera_row

[2026-03-16 21:56:18] [ERROR] Chunk 32 FAILED — Python exception: KeyError: 'Project Start and Expiration date'

At:
  c:\Users\Amber\Downloads\minor project\rera_process.py(54): process_rera_row
  c:\Users\Amber\Downloads\minor project\chunkflow\__init__.py(165): process
  c:\Users\Amber\Downloads\minor project\rera_process.py(145): <module>

[2026-03-16 21:56:18] [INFO ] Chunk 36 started (20 records) [thread 1]
[2026-03-16 21:56:18] [ERROR] Chunk 31 FAILED — Python exception: KeyError: 'Project Start and Expiration date'

At:
  c:\Users\Amber\Downloads\minor project\rera_process.py(54): process_rera_row

[2026-03-16 21:56:18] [ERROR] Chunk 35 FAILED — Python exception: KeyError: 'Project Start and Expiration date'

At:
  c:\Users\Amber\Downloads\minor project\rera_process.py(54): process_rera_row

[2026-03-16 21:56:18] [INFO ] Chunk 37 started (20 records) [thread 0]
[2026-03-16 21:56:18] [ERROR] Chunk 33 FAILED — Python exception: KeyError: 'Project Start and Expiration date'

At:
  c:\Users\Amber\Downloads\minor project\rera_process.py(54): process_rera_row

[2026-03-16 21:56:18] [INFO ] Chunk 38 started (20 records) [thread 5]
[2026-03-16 21:56:18] [INFO ] Chunk 40 started (20 records) [thread 2]
[2026-03-16 21:56:18] [ERROR] Chunk 34 FAILED — Python exception: KeyError: 'Project Start and Expiration date'

At:
  c:\Users\Amber\Downloads\minor project\rera_process.py(54): process_rera_row

[2026-03-16 21:56:18] [INFO ] Chunk 39 started (20 records) [thread 3]
[2026-03-16 21:56:18] [ERROR] Chunk 29 FAILED — Python exception: KeyError: 'Project Start and Expiration date'

At:
  c:\Users\Amber\Downloads\minor project\rera_process.py(54): process_rera_row

[2026-03-16 21:56:18] [INFO ] Chunk 41 started (20 records) [thread 6]
[2026-03-16 21:56:18] [INFO ] Chunk 42 started (20 records) [thread 7]
[2026-03-16 21:56:18] [ERROR] Chunk 36 FAILED — Python exception: KeyError: 'Project Start and Expiration date'

At:
  c:\Users\Amber\Downloads\minor project\rera_process.py(54): process_rera_row

[2026-03-16 21:56:18] [INFO ] Chunk 43 started (20 records) [thread 1]
[2026-03-16 21:56:18] [ERROR] Chunk 43 FAILED — Python exception: KeyError: 'Project Start and Expiration date'

At:
  c:\Users\Amber\Downloads\minor project\rera_process.py(54): process_rera_row

[2026-03-16 21:56:18] [INFO ] Chunk 44 started (20 records) [thread 1]
[2026-03-16 21:56:18] [ERROR] Chunk 37 FAILED — Python exception: KeyError: 'Project Start and Expiration date'

At:
  c:\Users\Amber\Downloads\minor project\rera_process.py(54): process_rera_row
  c:\Users\Amber\Downloads\minor project\chunkflow\__init__.py(165): process
  c:\Users\Amber\Downloads\minor project\rera_process.py(145): <module>

[2026-03-16 21:56:18] [INFO ] Chunk 45 started (20 records) [thread 0]
[2026-03-16 21:56:18] [ERROR] Chunk 42 FAILED — Python exception: KeyError: 'Project Start and Expiration date'

At:
  c:\Users\Amber\Downloads\minor project\rera_process.py(54): process_rera_row

[2026-03-16 21:56:18] [INFO ] Chunk 46 started (20 records) [thread 7]
[2026-03-16 21:56:18] [ERROR] Chunk 46 FAILED — Python exception: KeyError: 'Project Start and Expiration date'

At:
  c:\Users\Amber\Downloads\minor project\rera_process.py(54): process_rera_row

[2026-03-16 21:56:18] [INFO ] Chunk 47 started (20 records) [thread 7]
[2026-03-16 21:56:18] [ERROR] Chunk 28 FAILED — Python exception: KeyError: 'Project Start and Expiration date'

At:
  c:\Users\Amber\Downloads\minor project\rera_process.py(54): process_rera_row

[2026-03-16 21:56:18] [INFO ] Chunk 48 started (20 records) [thread 4]
[2026-03-16 21:56:18] [ERROR] Chunk 44 FAILED — Python exception: KeyError: 'Project Start and Expiration date'

At:
  c:\Users\Amber\Downloads\minor project\rera_process.py(54): process_rera_row

[2026-03-16 21:56:18] [INFO ] Chunk 49 started (20 records) [thread 1]
[2026-03-16 21:56:18] [ERROR] Chunk 39 FAILED — Python exception: KeyError: 'Project Start and Expiration date'

At:
  c:\Users\Amber\Downloads\minor project\rera_process.py(54): process_rera_row

[2026-03-16 21:56:18] [ERROR] Chunk 40 FAILED — Python exception: KeyError: 'Project Start and Expiration date'

At:
  c:\Users\Amber\Downloads\minor project\rera_process.py(54): process_rera_row

[2026-03-16 21:56:18] [ERROR] Chunk 45 FAILED — Python exception: KeyError: 'Project Start and Expiration date'

At:
  c:\Users\Amber\Downloads\minor project\rera_process.py(54): process_rera_row
  c:\Users\Amber\Downloads\minor project\chunkflow\__init__.py(165): process
  c:\Users\Amber\Downloads\minor project\rera_process.py(145): <module>

[2026-03-16 21:56:18] [INFO ] Chunk 50 started (20 records) [thread 3]
[2026-03-16 21:56:18] [ERROR] Chunk 47 FAILED — Python exception: KeyError: 'Project Start and Expiration date'

At:
  c:\Users\Amber\Downloads\minor project\rera_process.py(54): process_rera_row

[2026-03-16 21:56:18] [INFO ] Chunk 52 started (20 records) [thread 0]
[2026-03-16 21:56:18] [INFO ] Chunk 51 started (20 records) [thread 2]
[2026-03-16 21:56:18] [ERROR] Chunk 41 FAILED — Python exception: KeyError: 'Project Start and Expiration date'

At:
  c:\Users\Amber\Downloads\minor project\rera_process.py(54): process_rera_row

[2026-03-16 21:56:18] [INFO ] Chunk 53 started (20 records) [thread 7]
[2026-03-16 21:56:18] [ERROR] Chunk 38 FAILED — Python exception: KeyError: 'Project Start and Expiration date'

At:
  c:\Users\Amber\Downloads\minor project\rera_process.py(54): process_rera_row

[2026-03-16 21:56:18] [ERROR] Chunk 49 FAILED — Python exception: KeyError: 'Project Start and Expiration date'

At:
  c:\Users\Amber\Downloads\minor project\rera_process.py(54): process_rera_row

[2026-03-16 21:56:18] [INFO ] Chunk 54 started (20 records) [thread 6]
[2026-03-16 21:56:18] [INFO ] Chunk 55 started (20 records) [thread 5]
[2026-03-16 21:56:18] [ERROR] Chunk 50 FAILED — Python exception: KeyError: 'Project Start and Expiration date'

At:
  c:\Users\Amber\Downloads\minor project\rera_process.py(54): process_rera_row

[2026-03-16 21:56:18] [INFO ] Chunk 56 started (20 records) [thread 1]
[2026-03-16 21:56:18] [ERROR] Chunk 51 FAILED — Python exception: KeyError: 'Project Start and Expiration date'

At:
  c:\Users\Amber\Downloads\minor project\rera_process.py(54): process_rera_row

[2026-03-16 21:56:18] [INFO ] Chunk 57 started (20 records) [thread 3]
[2026-03-16 21:56:18] [ERROR] Chunk 48 FAILED — Python exception: KeyError: 'Project Start and Expiration date'

At:
  c:\Users\Amber\Downloads\minor project\rera_process.py(54): process_rera_row

[2026-03-16 21:56:18] [INFO ] Chunk 58 started (20 records) [thread 2]
[2026-03-16 21:56:18] [ERROR] Chunk 52 FAILED — Python exception: KeyError: 'Project Start and Expiration date'

At:
  c:\Users\Amber\Downloads\minor project\rera_process.py(54): process_rera_row
  c:\Users\Amber\Downloads\minor project\chunkflow\__init__.py(165): process
  c:\Users\Amber\Downloads\minor project\rera_process.py(145): <module>

[2026-03-16 21:56:18] [INFO ] Chunk 59 started (20 records) [thread 4]
[2026-03-16 21:56:18] [INFO ] Chunk 60 started (20 records) [thread 0]
[2026-03-16 21:56:18] [ERROR] Chunk 58 FAILED — Python exception: KeyError: 'Project Start and Expiration date'

At:
  c:\Users\Amber\Downloads\minor project\rera_process.py(54): process_rera_row

[2026-03-16 21:56:18] [INFO ] Chunk 61 started (20 records) [thread 2]
[2026-03-16 21:56:18] [ERROR] Chunk 61 FAILED — Python exception: KeyError: 'Project Start and Expiration date'

At:
  c:\Users\Amber\Downloads\minor project\rera_process.py(54): process_rera_row

[2026-03-16 21:56:18] [INFO ] Chunk 62 started (19 records) [thread 2]
[2026-03-16 21:56:18] [ERROR] Chunk 59 FAILED — Python exception: KeyError: 'Project Start and Expiration date'

At:
  c:\Users\Amber\Downloads\minor project\rera_process.py(54): process_rera_row

[2026-03-16 21:56:18] [ERROR] Chunk 60 FAILED — Python exception: KeyError: 'Project Start and Expiration date'

At:
  c:\Users\Amber\Downloads\minor project\rera_process.py(54): process_rera_row
  c:\Users\Amber\Downloads\minor project\chunkflow\__init__.py(165): process
  c:\Users\Amber\Downloads\minor project\rera_process.py(145): <module>

[2026-03-16 21:56:18] [ERROR] Chunk 55 FAILED — Python exception: KeyError: 'Project Start and Expiration date'

At:
  c:\Users\Amber\Downloads\minor project\rera_process.py(54): process_rera_row

[2026-03-16 21:56:18] [ERROR] Chunk 56 FAILED — Python exception: KeyError: 'Project Start and Expiration date'

At:
  c:\Users\Amber\Downloads\minor project\rera_process.py(54): process_rera_row

[2026-03-16 21:56:18] [ERROR] Chunk 57 FAILED — Python exception: KeyError: 'Project Start and Expiration date'

At:
  c:\Users\Amber\Downloads\minor project\rera_process.py(54): process_rera_row

[2026-03-16 21:56:18] [ERROR] Chunk 53 FAILED — Python exception: KeyError: 'Project Start and Expiration date'

At:
  c:\Users\Amber\Downloads\minor project\rera_process.py(54): process_rera_row

[2026-03-16 21:56:18] [ERROR] Chunk 62 FAILED — Python exception: KeyError: 'Project Start and Expiration date'

At:
  c:\Users\Amber\Downloads\minor project\rera_process.py(54): process_rera_row

[2026-03-16 21:56:18] [ERROR] Chunk 54 FAILED — Python exception: KeyError: 'Project Start and Expiration date'

At:
  c:\Users\Amber\Downloads\minor project\rera_process.py(54): process_rera_row

[2026-03-16 21:56:18] [INFO ] Finished — done=0 skipped=0 failed=63 elapsed=0.008052s
[2026-03-16 21:56:39] [INFO] ──────────── chunkflow session started ────────────
[2026-03-16 21:56:39] [INFO ] Records: 1259 | Chunks: 63 | Chunk size: 20 | Threads: 1
[2026-03-16 21:56:39] [INFO ] Chunk 0 started (20 records) [thread 0]
[2026-03-16 21:56:39] [INFO ] Chunk 0 DONE (20 records written)
[2026-03-16 21:56:39] [INFO ] Chunk 1 started (20 records) [thread 0]
[2026-03-16 21:56:39] [INFO ] Chunk 1 DONE (20 records written)
[2026-03-16 21:56:39] [INFO ] Chunk 2 started (20 records) [thread 0]
[2026-03-16 21:56:39] [INFO ] Chunk 2 DONE (20 records written)
[2026-03-16 21:56:39] [INFO ] Chunk 3 started (20 records) [thread 0]
[2026-03-16 21:56:39] [INFO ] Chunk 3 DONE (20 records written)
[2026-03-16 21:56:39] [INFO ] Chunk 4 started (20 records) [thread 0]
[2026-03-16 21:56:39] [INFO ] Chunk 4 DONE (20 records written)
[2026-03-16 21:56:39] [INFO ] Chunk 5 started (20 records) [thread 0]
[2026-03-16 21:56:39] [INFO ] Chunk 5 DONE (20 records written)
[2026-03-16 21:56:39] [INFO ] Chunk 6 started (20 records) [thread 0]
[2026-03-16 21:56:39] [INFO ] Chunk 6 DONE (20 records written)
[2026-03-16 21:56:39] [INFO ] Chunk 7 started (20 records) [thread 0]
[2026-03-16 21:56:39] [INFO ] Chunk 7 DONE (20 records written)
[2026-03-16 21:56:39] [INFO ] Chunk 8 started (20 records) [thread 0]
[2026-03-16 21:56:39] [INFO ] Chunk 8 DONE (20 records written)
[2026-03-16 21:56:39] [INFO ] Chunk 9 started (20 records) [thread 0]
[2026-03-16 21:56:39] [INFO ] Chunk 9 DONE (20 records written)
[2026-03-16 21:56:39] [INFO ] Chunk 10 started (20 records) [thread 0]
[2026-03-16 21:56:39] [INFO ] Chunk 10 DONE (20 records written)
[2026-03-16 21:56:39] [INFO ] Chunk 11 started (20 records) [thread 0]
[2026-03-16 21:56:39] [INFO ] Chunk 11 DONE (20 records written)
[2026-03-16 21:56:39] [INFO ] Chunk 12 started (20 records) [thread 0]
[2026-03-16 21:56:39] [INFO ] Chunk 12 DONE (20 records written)
[2026-03-16 21:56:39] [INFO ] Chunk 13 started (20 records) [thread 0]
[2026-03-16 21:56:39] [INFO ] Chunk 13 DONE (20 records written)
[2026-03-16 21:56:39] [INFO ] Chunk 14 started (20 records) [thread 0]
[2026-03-16 21:56:39] [INFO ] Chunk 14 DONE (20 records written)
[2026-03-16 21:56:39] [INFO ] Chunk 15 started (20 records) [thread 0]
[2026-03-16 21:56:39] [INFO ] Chunk 15 DONE (20 records written)
[2026-03-16 21:56:39] [INFO ] Chunk 16 started (20 records) [thread 0]
[2026-03-16 21:56:39] [INFO ] Chunk 16 DONE (20 records written)
[2026-03-16 21:56:39] [INFO ] Chunk 17 started (20 records) [thread 0]
[2026-03-16 21:56:39] [INFO ] Chunk 17 DONE (20 records written)
[2026-03-16 21:56:39] [INFO ] Chunk 18 started (20 records) [thread 0]
[2026-03-16 21:56:39] [INFO ] Chunk 18 DONE (20 records written)
[2026-03-16 21:56:39] [INFO ] Chunk 19 started (20 records) [thread 0]
[2026-03-16 21:56:39] [INFO ] Chunk 19 DONE (20 records written)
[2026-03-16 21:56:39] [INFO ] Chunk 20 started (20 records) [thread 0]
[2026-03-16 21:56:39] [INFO ] Chunk 20 DONE (20 records written)
[2026-03-16 21:56:39] [INFO ] Chunk 21 started (20 records) [thread 0]
[2026-03-16 21:56:39] [INFO ] Chunk 21 DONE (20 records written)
[2026-03-16 21:56:39] [INFO ] Chunk 22 started (20 records) [thread 0]
[2026-03-16 21:56:39] [INFO ] Chunk 22 DONE (20 records written)
[2026-03-16 21:56:39] [INFO ] Chunk 23 started (20 records) [thread 0]
[2026-03-16 21:56:39] [INFO ] Chunk 23 DONE (20 records written)
[2026-03-16 21:56:39] [INFO ] Chunk 24 started (20 records) [thread 0]
[2026-03-16 21:56:39] [INFO ] Chunk 24 DONE (20 records written)
[2026-03-16 21:56:39] [INFO ] Chunk 25 started (20 records) [thread 0]
[2026-03-16 21:56:39] [INFO ] Chunk 25 DONE (20 records written)
[2026-03-16 21:56:39] [INFO ] Chunk 26 started (20 records) [thread 0]
[2026-03-16 21:56:39] [INFO ] Chunk 26 DONE (20 records written)
[2026-03-16 21:56:39] [INFO ] Chunk 27 started (20 records) [thread 0]
[2026-03-16 21:56:39] [INFO ] Chunk 27 DONE (20 records written)
[2026-03-16 21:56:39] [INFO ] Chunk 28 started (20 records) [thread 0]
[2026-03-16 21:56:39] [INFO ] Chunk 28 DONE (20 records written)
[2026-03-16 21:56:39] [INFO ] Chunk 29 started (20 records) [thread 0]
[2026-03-16 21:56:39] [INFO ] Chunk 29 DONE (20 records written)
[2026-03-16 21:56:39] [INFO ] Chunk 30 started (20 records) [thread 0]
[2026-03-16 21:56:39] [INFO ] Chunk 30 DONE (20 records written)
[2026-03-16 21:56:39] [INFO ] Chunk 31 started (20 records) [thread 0]
[2026-03-16 21:56:39] [INFO ] Chunk 31 DONE (20 records written)
[2026-03-16 21:56:39] [INFO ] Chunk 32 started (20 records) [thread 0]
[2026-03-16 21:56:39] [INFO ] Chunk 32 DONE (20 records written)
[2026-03-16 21:56:39] [INFO ] Chunk 33 started (20 records) [thread 0]
[2026-03-16 21:56:39] [INFO ] Chunk 33 DONE (20 records written)
[2026-03-16 21:56:39] [INFO ] Chunk 34 started (20 records) [thread 0]
[2026-03-16 21:56:39] [INFO ] Chunk 34 DONE (20 records written)
[2026-03-16 21:56:39] [INFO ] Chunk 35 started (20 records) [thread 0]
[2026-03-16 21:56:39] [INFO ] Chunk 35 DONE (20 records written)
[2026-03-16 21:56:39] [INFO ] Chunk 36 started (20 records) [thread 0]
[2026-03-16 21:56:39] [INFO ] Chunk 36 DONE (20 records written)
[2026-03-16 21:56:39] [INFO ] Chunk 37 started (20 records) [thread 0]
[2026-03-16 21:56:39] [INFO ] Chunk 37 DONE (20 records written)
[2026-03-16 21:56:39] [INFO ] Chunk 38 started (20 records) [thread 0]
[2026-03-16 21:56:39] [INFO ] Chunk 38 DONE (20 records written)
[2026-03-16 21:56:39] [INFO ] Chunk 39 started (20 records) [thread 0]
[2026-03-16 21:56:39] [INFO ] Chunk 39 DONE (20 records written)
[2026-03-16 21:56:39] [INFO ] Chunk 40 started (20 records) [thread 0]
[2026-03-16 21:56:39] [INFO ] Chunk 40 DONE (20 records written)
[2026-03-16 21:56:39] [INFO ] Chunk 41 started (20 records) [thread 0]
[2026-03-16 21:56:39] [INFO ] Chunk 41 DONE (20 records written)
[2026-03-16 21:56:39] [INFO ] Chunk 42 started (20 records) [thread 0]
[2026-03-16 21:56:39] [INFO ] Chunk 42 DONE (20 records written)
[2026-03-16 21:56:39] [INFO ] Chunk 43 started (20 records) [thread 0]
[2026-03-16 21:56:39] [INFO ] Chunk 43 DONE (20 records written)
[2026-03-16 21:56:39] [INFO ] Chunk 44 started (20 records) [thread 0]
[2026-03-16 21:56:39] [INFO ] Chunk 44 DONE (20 records written)
[2026-03-16 21:56:39] [INFO ] Chunk 45 started (20 records) [thread 0]
[2026-03-16 21:56:39] [INFO ] Chunk 45 DONE (20 records written)
[2026-03-16 21:56:39] [INFO ] Chunk 46 started (20 records) [thread 0]
[2026-03-16 21:56:39] [INFO ] Chunk 46 DONE (20 records written)
[2026-03-16 21:56:39] [INFO ] Chunk 47 started (20 records) [thread 0]
[2026-03-16 21:56:39] [INFO ] Chunk 47 DONE (20 records written)
[2026-03-16 21:56:39] [INFO ] Chunk 48 started (20 records) [thread 0]
[2026-03-16 21:56:39] [INFO ] Chunk 48 DONE (20 records written)
[2026-03-16 21:56:39] [INFO ] Chunk 49 started (20 records) [thread 0]
[2026-03-16 21:56:39] [INFO ] Chunk 49 DONE (20 records written)
[2026-03-16 21:56:39] [INFO ] Chunk 50 started (20 records) [thread 0]
[2026-03-16 21:56:39] [INFO ] Chunk 50 DONE (20 records written)
[2026-03-16 21:56:39] [INFO ] Chunk 51 started (20 records) [thread 0]
[2026-03-16 21:56:39] [INFO ] Chunk 51 DONE (20 records written)
[2026-03-16 21:56:39] [INFO ] Chunk 52 started (20 records) [thread 0]
[2026-03-16 21:56:39] [INFO ] Chunk 52 DONE (20 records written)
[2026-03-16 21:56:39] [INFO ] Chunk 53 started (20 records) [thread 0]
[2026-03-16 21:56:39] [INFO ] Chunk 53 DONE (20 records written)
[2026-03-16 21:56:39] [INFO ] Chunk 54 started (20 records) [thread 0]
[2026-03-16 21:56:39] [INFO ] Chunk 54 DONE (20 records written)
[2026-03-16 21:56:39] [INFO ] Chunk 55 started (20 records) [thread 0]
[2026-03-16 21:56:39] [INFO ] Chunk 55 DONE (20 records written)
[2026-03-16 21:56:39] [INFO ] Chunk 56 started (20 records) [thread 0]
[2026-03-16 21:56:39] [INFO ] Chunk 56 DONE (20 records written)
[2026-03-16 21:56:39] [INFO ] Chunk 57 started (20 records) [thread 0]
[2026-03-16 21:56:39] [INFO ] Chunk 57 DONE (20 records written)
[2026-03-16 21:56:39] [INFO ] Chunk 58 started (20 records) [thread 0]
[2026-03-16 21:56:39] [INFO ] Chunk 58 DONE (20 records written)
[2026-03-16 21:56:39] [INFO ] Chunk 59 started (20 records) [thread 0]
[2026-03-16 21:56:39] [INFO ] Chunk 59 DONE (20 records written)
[2026-03-16 21:56:39] [INFO ] Chunk 60 started (20 records) [thread 0]
[2026-03-16 21:56:39] [INFO ] Chunk 60 DONE (20 records written)
[2026-03-16 21:56:39] [INFO ] Chunk 61 started (20 records) [thread 0]
[2026-03-16 21:56:39] [INFO ] Chunk 61 DONE (20 records written)
[2026-03-16 21:56:39] [INFO ] Chunk 62 started (19 records) [thread 0]
[2026-03-16 21:56:39] [INFO ] Chunk 62 DONE (19 records written)
[2026-03-16 21:56:39] [INFO ] Finished — done=63 skipped=0 failed=0 elapsed=0.060006s
[2026-03-16 21:56:49] [INFO] ──────────── chunkflow session started ────────────
[2026-03-16 21:56:49] [INFO ] Records: 1259 | Chunks: 63 | Chunk size: 20 | Threads: 1
[2026-03-16 21:56:49] [INFO ] Chunk 0 skipped (already DONE)
[2026-03-16 21:56:49] [INFO ] Chunk 1 skipped (already DONE)
[2026-03-16 21:56:49] [INFO ] Chunk 2 skipped (already DONE)
[2026-03-16 21:56:49] [INFO ] Chunk 3 skipped (already DONE)
[2026-03-16 21:56:49] [INFO ] Chunk 4 skipped (already DONE)
[2026-03-16 21:56:49] [INFO ] Chunk 5 skipped (already DONE)
[2026-03-16 21:56:49] [INFO ] Chunk 6 skipped (already DONE)
[2026-03-16 21:56:49] [INFO ] Chunk 7 skipped (already DONE)
[2026-03-16 21:56:49] [INFO ] Chunk 8 skipped (already DONE)
[2026-03-16 21:56:49] [INFO ] Chunk 9 skipped (already DONE)
[2026-03-16 21:56:49] [INFO ] Chunk 10 skipped (already DONE)
[2026-03-16 21:56:49] [INFO ] Chunk 11 skipped (already DONE)
[2026-03-16 21:56:49] [INFO ] Chunk 12 skipped (already DONE)
[2026-03-16 21:56:49] [INFO ] Chunk 13 skipped (already DONE)
[2026-03-16 21:56:49] [INFO ] Chunk 14 skipped (already DONE)
[2026-03-16 21:56:49] [INFO ] Chunk 15 skipped (already DONE)
[2026-03-16 21:56:49] [INFO ] Chunk 16 skipped (already DONE)
[2026-03-16 21:56:49] [INFO ] Chunk 17 skipped (already DONE)
[2026-03-16 21:56:49] [INFO ] Chunk 18 skipped (already DONE)
[2026-03-16 21:56:49] [INFO ] Chunk 19 skipped (already DONE)
[2026-03-16 21:56:49] [INFO ] Chunk 20 skipped (already DONE)
[2026-03-16 21:56:49] [INFO ] Chunk 21 skipped (already DONE)
[2026-03-16 21:56:49] [INFO ] Chunk 22 skipped (already DONE)
[2026-03-16 21:56:49] [INFO ] Chunk 23 skipped (already DONE)
[2026-03-16 21:56:49] [INFO ] Chunk 24 skipped (already DONE)
[2026-03-16 21:56:49] [INFO ] Chunk 25 skipped (already DONE)
[2026-03-16 21:56:49] [INFO ] Chunk 26 skipped (already DONE)
[2026-03-16 21:56:49] [INFO ] Chunk 27 skipped (already DONE)
[2026-03-16 21:56:49] [INFO ] Chunk 28 skipped (already DONE)
[2026-03-16 21:56:49] [INFO ] Chunk 29 skipped (already DONE)
[2026-03-16 21:56:49] [INFO ] Chunk 30 skipped (already DONE)
[2026-03-16 21:56:49] [INFO ] Chunk 31 skipped (already DONE)
[2026-03-16 21:56:49] [INFO ] Chunk 32 skipped (already DONE)
[2026-03-16 21:56:49] [INFO ] Chunk 33 skipped (already DONE)
[2026-03-16 21:56:49] [INFO ] Chunk 34 skipped (already DONE)
[2026-03-16 21:56:49] [INFO ] Chunk 35 skipped (already DONE)
[2026-03-16 21:56:49] [INFO ] Chunk 36 skipped (already DONE)
[2026-03-16 21:56:49] [INFO ] Chunk 37 skipped (already DONE)
[2026-03-16 21:56:49] [INFO ] Chunk 38 skipped (already DONE)
[2026-03-16 21:56:49] [INFO ] Chunk 39 skipped (already DONE)
[2026-03-16 21:56:49] [INFO ] Chunk 40 skipped (already DONE)
[2026-03-16 21:56:49] [INFO ] Chunk 41 skipped (already DONE)
[2026-03-16 21:56:49] [INFO ] Chunk 42 skipped (already DONE)
[2026-03-16 21:56:49] [INFO ] Chunk 43 skipped (already DONE)
[2026-03-16 21:56:49] [INFO ] Chunk 44 skipped (already DONE)
[2026-03-16 21:56:49] [INFO ] Chunk 45 skipped (already DONE)
[2026-03-16 21:56:49] [INFO ] Chunk 46 skipped (already DONE)
[2026-03-16 21:56:49] [INFO ] Chunk 47 skipped (already DONE)
[2026-03-16 21:56:49] [INFO ] Chunk 48 skipped (already DONE)
[2026-03-16 21:56:49] [INFO ] Chunk 49 skipped (already DONE)
[2026-03-16 21:56:49] [INFO ] Chunk 50 skipped (already DONE)
[2026-03-16 21:56:49] [INFO ] Chunk 51 skipped (already DONE)
[2026-03-16 21:56:49] [INFO ] Chunk 52 skipped (already DONE)
[2026-03-16 21:56:49] [INFO ] Chunk 53 skipped (already DONE)
[2026-03-16 21:56:49] [INFO ] Chunk 54 skipped (already DONE)
[2026-03-16 21:56:49] [INFO ] Chunk 55 skipped (already DONE)
[2026-03-16 21:56:49] [INFO ] Chunk 56 skipped (already DONE)
[2026-03-16 21:56:49] [INFO ] Chunk 57 skipped (already DONE)
[2026-03-16 21:56:49] [INFO ] Chunk 58 skipped (already DONE)
[2026-03-16 21:56:49] [INFO ] Chunk 59 skipped (already DONE)
[2026-03-16 21:56:49] [INFO ] Chunk 60 skipped (already DONE)
[2026-03-16 21:56:49] [INFO ] Chunk 61 skipped (already DONE)
[2026-03-16 21:56:49] [INFO ] Chunk 62 skipped (already DONE)
[2026-03-16 21:56:49] [INFO ] Finished — done=0 skipped=63 failed=0 elapsed=0.000789s
[2026-03-16 21:57:11] [INFO] ──────────── chunkflow session started ────────────
[2026-03-16 21:57:11] [INFO ] Records: 1259 | Chunks: 63 | Chunk size: 20 | Threads: 1
[2026-03-16 21:57:11] [INFO ] Chunk 0 skipped (already DONE)
[2026-03-16 21:57:11] [INFO ] Chunk 1 skipped (already DONE)
[2026-03-16 21:57:11] [INFO ] Chunk 2 skipped (already DONE)
[2026-03-16 21:57:11] [INFO ] Chunk 3 skipped (already DONE)
[2026-03-16 21:57:11] [INFO ] Chunk 4 skipped (already DONE)
[2026-03-16 21:57:11] [INFO ] Chunk 5 skipped (already DONE)
[2026-03-16 21:57:11] [INFO ] Chunk 6 skipped (already DONE)
[2026-03-16 21:57:11] [INFO ] Chunk 7 skipped (already DONE)
[2026-03-16 21:57:11] [INFO ] Chunk 8 skipped (already DONE)
[2026-03-16 21:57:11] [INFO ] Chunk 9 skipped (already DONE)
[2026-03-16 21:57:11] [INFO ] Chunk 10 skipped (already DONE)
[2026-03-16 21:57:11] [INFO ] Chunk 11 skipped (already DONE)
[2026-03-16 21:57:11] [INFO ] Chunk 12 skipped (already DONE)
[2026-03-16 21:57:11] [INFO ] Chunk 13 skipped (already DONE)
[2026-03-16 21:57:11] [INFO ] Chunk 14 skipped (already DONE)
[2026-03-16 21:57:11] [INFO ] Chunk 15 skipped (already DONE)
[2026-03-16 21:57:11] [INFO ] Chunk 16 skipped (already DONE)
[2026-03-16 21:57:11] [INFO ] Chunk 17 skipped (already DONE)
[2026-03-16 21:57:11] [INFO ] Chunk 18 skipped (already DONE)
[2026-03-16 21:57:11] [INFO ] Chunk 19 skipped (already DONE)
[2026-03-16 21:57:11] [INFO ] Chunk 20 skipped (already DONE)
[2026-03-16 21:57:11] [INFO ] Chunk 21 skipped (already DONE)
[2026-03-16 21:57:11] [INFO ] Chunk 22 skipped (already DONE)
[2026-03-16 21:57:11] [INFO ] Chunk 23 skipped (already DONE)
[2026-03-16 21:57:11] [INFO ] Chunk 24 skipped (already DONE)
[2026-03-16 21:57:11] [INFO ] Chunk 25 skipped (already DONE)
[2026-03-16 21:57:11] [INFO ] Chunk 26 skipped (already DONE)
[2026-03-16 21:57:11] [INFO ] Chunk 27 skipped (already DONE)
[2026-03-16 21:57:11] [INFO ] Chunk 28 skipped (already DONE)
[2026-03-16 21:57:11] [INFO ] Chunk 29 skipped (already DONE)
[2026-03-16 21:57:11] [INFO ] Chunk 30 skipped (already DONE)
[2026-03-16 21:57:11] [INFO ] Chunk 31 skipped (already DONE)
[2026-03-16 21:57:11] [INFO ] Chunk 32 skipped (already DONE)
[2026-03-16 21:57:11] [INFO ] Chunk 33 skipped (already DONE)
[2026-03-16 21:57:11] [INFO ] Chunk 34 skipped (already DONE)
[2026-03-16 21:57:11] [INFO ] Chunk 35 skipped (already DONE)
[2026-03-16 21:57:11] [INFO ] Chunk 36 skipped (already DONE)
[2026-03-16 21:57:11] [INFO ] Chunk 37 skipped (already DONE)
[2026-03-16 21:57:11] [INFO ] Chunk 38 skipped (already DONE)
[2026-03-16 21:57:11] [INFO ] Chunk 39 skipped (already DONE)
[2026-03-16 21:57:11] [INFO ] Chunk 40 skipped (already DONE)
[2026-03-16 21:57:11] [INFO ] Chunk 41 skipped (already DONE)
[2026-03-16 21:57:11] [INFO ] Chunk 42 skipped (already DONE)
[2026-03-16 21:57:11] [INFO ] Chunk 43 skipped (already DONE)
[2026-03-16 21:57:11] [INFO ] Chunk 44 skipped (already DONE)
[2026-03-16 21:57:11] [INFO ] Chunk 45 skipped (already DONE)
[2026-03-16 21:57:11] [INFO ] Chunk 46 skipped (already DONE)
[2026-03-16 21:57:11] [INFO ] Chunk 47 skipped (already DONE)
[2026-03-16 21:57:11] [INFO ] Chunk 48 skipped (already DONE)
[2026-03-16 21:57:11] [INFO ] Chunk 49 skipped (already DONE)
[2026-03-16 21:57:11] [INFO ] Chunk 50 skipped (already DONE)
[2026-03-16 21:57:11] [INFO ] Chunk 51 skipped (already DONE)
[2026-03-16 21:57:11] [INFO ] Chunk 52 skipped (already DONE)
[2026-03-16 21:57:11] [INFO ] Chunk 53 skipped (already DONE)
[2026-03-16 21:57:11] [INFO ] Chunk 54 skipped (already DONE)
[2026-03-16 21:57:11] [INFO ] Chunk 55 skipped (already DONE)
[2026-03-16 21:57:11] [INFO ] Chunk 56 skipped (already DONE)
[2026-03-16 21:57:11] [INFO ] Chunk 57 skipped (already DONE)
[2026-03-16 21:57:11] [INFO ] Chunk 58 skipped (already DONE)
[2026-03-16 21:57:11] [INFO ] Chunk 59 skipped (already DONE)
[2026-03-16 21:57:11] [INFO ] Chunk 60 skipped (already DONE)
[2026-03-16 21:57:11] [INFO ] Chunk 61 skipped (already DONE)
[2026-03-16 21:57:11] [INFO ] Chunk 62 skipped (already DONE)
[2026-03-16 21:57:11] [INFO ] Finished — done=0 skipped=63 failed=0 elapsed=0.000898s
[2026-03-17 11:19:19] [INFO] ──────────── chunkflow session started ────────────
[2026-03-17 11:19:19] [INFO ] Records: 1259 | Chunks: 63 | Chunk size: 20 | Threads: 1
[2026-03-17 11:19:19] [INFO ] Chunk 0 skipped (already DONE)
[2026-03-17 11:19:19] [INFO ] Chunk 1 skipped (already DONE)
[2026-03-17 11:19:19] [INFO ] Chunk 2 skipped (already DONE)
[2026-03-17 11:19:19] [INFO ] Chunk 3 skipped (already DONE)
[2026-03-17 11:19:19] [INFO ] Chunk 4 skipped (already DONE)
[2026-03-17 11:19:19] [INFO ] Chunk 5 skipped (already DONE)
[2026-03-17 11:19:19] [INFO ] Chunk 6 skipped (already DONE)
[2026-03-17 11:19:19] [INFO ] Chunk 7 skipped (already DONE)
[2026-03-17 11:19:19] [INFO ] Chunk 8 skipped (already DONE)
[2026-03-17 11:19:19] [INFO ] Chunk 9 skipped (already DONE)
[2026-03-17 11:19:19] [INFO ] Chunk 10 skipped (already DONE)
[2026-03-17 11:19:19] [INFO ] Chunk 11 skipped (already DONE)
[2026-03-17 11:19:19] [INFO ] Chunk 12 skipped (already DONE)
[2026-03-17 11:19:19] [INFO ] Chunk 13 skipped (already DONE)
[2026-03-17 11:19:19] [INFO ] Chunk 14 skipped (already DONE)
[2026-03-17 11:19:19] [INFO ] Chunk 15 skipped (already DONE)
[2026-03-17 11:19:19] [INFO ] Chunk 16 skipped (already DONE)
[2026-03-17 11:19:19] [INFO ] Chunk 17 skipped (already DONE)
[2026-03-17 11:19:19] [INFO ] Chunk 18 skipped (already DONE)
[2026-03-17 11:19:19] [INFO ] Chunk 19 skipped (already DONE)
[2026-03-17 11:19:19] [INFO ] Chunk 20 skipped (already DONE)
[2026-03-17 11:19:19] [INFO ] Chunk 21 skipped (already DONE)
[2026-03-17 11:19:19] [INFO ] Chunk 22 skipped (already DONE)
[2026-03-17 11:19:19] [INFO ] Chunk 23 skipped (already DONE)
[2026-03-17 11:19:19] [INFO ] Chunk 24 skipped (already DONE)
[2026-03-17 11:19:19] [INFO ] Chunk 25 skipped (already DONE)
[2026-03-17 11:19:19] [INFO ] Chunk 26 skipped (already DONE)
[2026-03-17 11:19:19] [INFO ] Chunk 27 skipped (already DONE)
[2026-03-17 11:19:19] [INFO ] Chunk 28 skipped (already DONE)
[2026-03-17 11:19:19] [INFO ] Chunk 29 skipped (already DONE)
[2026-03-17 11:19:19] [INFO ] Chunk 30 skipped (already DONE)
[2026-03-17 11:19:19] [INFO ] Chunk 31 skipped (already DONE)
[2026-03-17 11:19:19] [INFO ] Chunk 32 skipped (already DONE)
[2026-03-17 11:19:19] [INFO ] Chunk 33 skipped (already DONE)
[2026-03-17 11:19:19] [INFO ] Chunk 34 skipped (already DONE)
[2026-03-17 11:19:19] [INFO ] Chunk 35 skipped (already DONE)
[2026-03-17 11:19:19] [INFO ] Chunk 36 skipped (already DONE)
[2026-03-17 11:19:19] [INFO ] Chunk 37 skipped (already DONE)
[2026-03-17 11:19:19] [INFO ] Chunk 38 skipped (already DONE)
[2026-03-17 11:19:19] [INFO ] Chunk 39 skipped (already DONE)
[2026-03-17 11:19:19] [INFO ] Chunk 40 skipped (already DONE)
[2026-03-17 11:19:19] [INFO ] Chunk 41 skipped (already DONE)
[2026-03-17 11:19:19] [INFO ] Chunk 42 skipped (already DONE)
[2026-03-17 11:19:19] [INFO ] Chunk 43 skipped (already DONE)
[2026-03-17 11:19:19] [INFO ] Chunk 44 skipped (already DONE)
[2026-03-17 11:19:19] [INFO ] Chunk 45 skipped (already DONE)
[2026-03-17 11:19:19] [INFO ] Chunk 46 skipped (already DONE)
[2026-03-17 11:19:19] [INFO ] Chunk 47 skipped (already DONE)
[2026-03-17 11:19:19] [INFO ] Chunk 48 skipped (already DONE)
[2026-03-17 11:19:19] [INFO ] Chunk 49 skipped (already DONE)
[2026-03-17 11:19:19] [INFO ] Chunk 50 skipped (already DONE)
[2026-03-17 11:19:19] [INFO ] Chunk 51 skipped (already DONE)
[2026-03-17 11:19:19] [INFO ] Chunk 52 skipped (already DONE)
[2026-03-17 11:19:19] [INFO ] Chunk 53 skipped (already DONE)
[2026-03-17 11:19:19] [INFO ] Chunk 54 skipped (already DONE)
[2026-03-17 11:19:19] [INFO ] Chunk 55 skipped (already DONE)
[2026-03-17 11:19:19] [INFO ] Chunk 56 skipped (already DONE)
[2026-03-17 11:19:19] [INFO ] Chunk 57 skipped (already DONE)
[2026-03-17 11:19:19] [INFO ] Chunk 58 skipped (already DONE)
[2026-03-17 11:19:19] [INFO ] Chunk 59 skipped (already DONE)
[2026-03-17 11:19:19] [INFO ] Chunk 60 skipped (already DONE)
[2026-03-17 11:19:19] [INFO ] Chunk 61 skipped (already DONE)
[2026-03-17 11:19:19] [INFO ] Chunk 62 skipped (already DONE)
[2026-03-17 11:19:19] [INFO ] Finished — done=0 skipped=63 failed=0 elapsed=0.001526s
[2026-03-28 08:50:11] [INFO] ──────────── chunkflow session started ────────────
[2026-03-28 08:50:11] [INFO ] Records: 1141 | Chunks: 23 | Chunk size: 50 | Threads: 1
[2026-03-28 08:50:11] [INFO ] Chunk 0 skipped (already DONE)
[2026-03-28 08:50:11] [INFO ] Chunk 1 skipped (already DONE)
[2026-03-28 08:50:11] [INFO ] Chunk 2 skipped (already DONE)
[2026-03-28 08:50:11] [INFO ] Chunk 3 skipped (already DONE)
[2026-03-28 08:50:11] [INFO ] Chunk 4 skipped (already DONE)
[2026-03-28 08:50:11] [INFO ] Chunk 5 skipped (already DONE)
[2026-03-28 08:50:11] [INFO ] Chunk 6 skipped (already DONE)
[2026-03-28 08:50:11] [INFO ] Chunk 7 skipped (already DONE)
[2026-03-28 08:50:11] [INFO ] Chunk 8 skipped (already DONE)
[2026-03-28 08:50:11] [INFO ] Chunk 9 skipped (already DONE)
[2026-03-28 08:50:11] [INFO ] Chunk 10 skipped (already DONE)
[2026-03-28 08:50:11] [INFO ] Chunk 11 skipped (already DONE)
[2026-03-28 08:50:11] [INFO ] Chunk 12 skipped (already DONE)
[2026-03-28 08:50:11] [INFO ] Chunk 13 skipped (already DONE)
[2026-03-28 08:50:11] [INFO ] Chunk 14 skipped (already DONE)
[2026-03-28 08:50:11] [INFO ] Chunk 15 skipped (already DONE)
[2026-03-28 08:50:11] [INFO ] Chunk 16 skipped (already DONE)
[2026-03-28 08:50:11] [INFO ] Chunk 17 skipped (already DONE)
[2026-03-28 08:50:11] [INFO ] Chunk 18 skipped (already DONE)
[2026-03-28 08:50:11] [INFO ] Chunk 19 skipped (already DONE)
[2026-03-28 08:50:11] [INFO ] Chunk 20 skipped (already DONE)
[2026-03-28 08:50:11] [INFO ] Chunk 21 skipped (already DONE)
[2026-03-28 08:50:11] [INFO ] Chunk 22 skipped (already DONE)
[2026-03-28 08:50:11] [INFO ] Finished — done=0 skipped=23 failed=0 elapsed=0.000682s
[2026-03-28 08:51:26] [INFO] ──────────── chunkflow session started ────────────
[2026-03-28 08:51:26] [INFO ] Records: 1141 | Chunks: 23 | Chunk size: 50 | OpenMP max threads (info): 1 | Python transform: sequential (safe GIL)
[2026-03-28 08:51:26] [INFO ] Chunk 0 skipped (already DONE)
[2026-03-28 08:51:26] [INFO ] Chunk 1 skipped (already DONE)
[2026-03-28 08:51:26] [INFO ] Chunk 2 skipped (already DONE)
[2026-03-28 08:51:26] [INFO ] Chunk 3 skipped (already DONE)
[2026-03-28 08:51:26] [INFO ] Chunk 4 skipped (already DONE)
[2026-03-28 08:51:26] [INFO ] Chunk 5 skipped (already DONE)
[2026-03-28 08:51:26] [INFO ] Chunk 6 skipped (already DONE)
[2026-03-28 08:51:26] [INFO ] Chunk 7 skipped (already DONE)
[2026-03-28 08:51:26] [INFO ] Chunk 8 skipped (already DONE)
[2026-03-28 08:51:26] [INFO ] Chunk 9 skipped (already DONE)
[2026-03-28 08:51:26] [INFO ] Chunk 10 skipped (already DONE)
[2026-03-28 08:51:26] [INFO ] Chunk 11 skipped (already DONE)
[2026-03-28 08:51:26] [INFO ] Chunk 12 skipped (already DONE)
[2026-03-28 08:51:26] [INFO ] Chunk 13 skipped (already DONE)
[2026-03-28 08:51:26] [INFO ] Chunk 14 skipped (already DONE)
[2026-03-28 08:51:26] [INFO ] Chunk 15 skipped (already DONE)
[2026-03-28 08:51:26] [INFO ] Chunk 16 skipped (already DONE)
[2026-03-28 08:51:26] [INFO ] Chunk 17 skipped (already DONE)
[2026-03-28 08:51:26] [INFO ] Chunk 18 skipped (already DONE)
[2026-03-28 08:51:26] [INFO ] Chunk 19 skipped (already DONE)
[2026-03-28 08:51:26] [INFO ] Chunk 20 skipped (already DONE)
[2026-03-28 08:51:26] [INFO ] Chunk 21 skipped (already DONE)
[2026-03-28 08:51:26] [INFO ] Chunk 22 skipped (already DONE)
[2026-03-28 08:51:26] [INFO ] Finished — done=0 skipped=23 failed=0 elapsed=0.000374s
[2026-03-28 08:51:59] [INFO] ──────────── chunkflow session started ────────────
[2026-03-28 08:51:59] [INFO ] Records: 1141 | Chunks: 23 | Chunk size: 50 | OpenMP max threads (info): 1 | Python transform: sequential (safe GIL)
[2026-03-28 08:51:59] [INFO ] Chunk 0 skipped (already DONE)
[2026-03-28 08:51:59] [INFO ] Chunk 1 skipped (already DONE)
[2026-03-28 08:51:59] [INFO ] Chunk 2 skipped (already DONE)
[2026-03-28 08:51:59] [INFO ] Chunk 3 skipped (already DONE)
[2026-03-28 08:51:59] [INFO ] Chunk 4 skipped (already DONE)
[2026-03-28 08:51:59] [INFO ] Chunk 5 skipped (already DONE)
[2026-03-28 08:51:59] [INFO ] Chunk 6 skipped (already DONE)
[2026-03-28 08:51:59] [INFO ] Chunk 7 skipped (already DONE)
[2026-03-28 08:51:59] [INFO ] Chunk 8 skipped (already DONE)
[2026-03-28 08:51:59] [INFO ] Chunk 9 skipped (already DONE)
[2026-03-28 08:51:59] [INFO ] Chunk 10 skipped (already DONE)
[2026-03-28 08:51:59] [INFO ] Chunk 11 skipped (already DONE)
[2026-03-28 08:51:59] [INFO ] Chunk 12 skipped (already DONE)
[2026-03-28 08:51:59] [INFO ] Chunk 13 skipped (already DONE)
[2026-03-28 08:51:59] [INFO ] Chunk 14 skipped (already DONE)
[2026-03-28 08:51:59] [INFO ] Chunk 15 skipped (already DONE)
[2026-03-28 08:51:59] [INFO ] Chunk 16 skipped (already DONE)
[2026-03-28 08:51:59] [INFO ] Chunk 17 skipped (already DONE)
[2026-03-28 08:51:59] [INFO ] Chunk 18 skipped (already DONE)
[2026-03-28 08:51:59] [INFO ] Chunk 19 skipped (already DONE)
[2026-03-28 08:51:59] [INFO ] Chunk 20 skipped (already DONE)
[2026-03-28 08:51:59] [INFO ] Chunk 21 skipped (already DONE)
[2026-03-28 08:51:59] [INFO ] Chunk 22 skipped (already DONE)
[2026-03-28 08:51:59] [INFO ] Finished — done=0 skipped=23 failed=0 elapsed=0.000340s
[2026-03-28 08:52:32] [INFO] ──────────── chunkflow session started ────────────
[2026-03-28 08:52:32] [INFO ] Records: 1141 | Chunks: 23 | Chunk size: 50 | OpenMP max threads (info): 1 | Python transform: sequential (safe GIL)
[2026-03-28 08:52:32] [INFO ] Chunk 0 skipped (already DONE)
[2026-03-28 08:52:32] [INFO ] Chunk 1 skipped (already DONE)
[2026-03-28 08:52:32] [INFO ] Chunk 2 skipped (already DONE)
[2026-03-28 08:52:32] [INFO ] Chunk 3 skipped (already DONE)
[2026-03-28 08:52:32] [INFO ] Chunk 4 skipped (already DONE)
[2026-03-28 08:52:32] [INFO ] Chunk 5 skipped (already DONE)
[2026-03-28 08:52:32] [INFO ] Chunk 6 skipped (already DONE)
[2026-03-28 08:52:32] [INFO ] Chunk 7 skipped (already DONE)
[2026-03-28 08:52:32] [INFO ] Chunk 8 skipped (already DONE)
[2026-03-28 08:52:32] [INFO ] Chunk 9 skipped (already DONE)
[2026-03-28 08:52:32] [INFO ] Chunk 10 skipped (already DONE)
[2026-03-28 08:52:32] [INFO ] Chunk 11 skipped (already DONE)
[2026-03-28 08:52:32] [INFO ] Chunk 12 skipped (already DONE)
[2026-03-28 08:52:32] [INFO ] Chunk 13 skipped (already DONE)
[2026-03-28 08:52:32] [INFO ] Chunk 14 skipped (already DONE)
[2026-03-28 08:52:32] [INFO ] Chunk 15 skipped (already DONE)
[2026-03-28 08:52:32] [INFO ] Chunk 16 skipped (already DONE)
[2026-03-28 08:52:32] [INFO ] Chunk 17 skipped (already DONE)
[2026-03-28 08:52:32] [INFO ] Chunk 18 skipped (already DONE)
[2026-03-28 08:52:32] [INFO ] Chunk 19 skipped (already DONE)
[2026-03-28 08:52:32] [INFO ] Chunk 20 skipped (already DONE)
[2026-03-28 08:52:32] [INFO ] Chunk 21 skipped (already DONE)
[2026-03-28 08:52:32] [INFO ] Chunk 22 skipped (already DONE)
[2026-03-28 08:52:32] [INFO ] Finished — done=0 skipped=23 failed=0 elapsed=0.000300s
[2026-03-28 08:59:55] [INFO ] ---------- chunkflow session started (Python backend) ----------
[2026-03-28 08:59:55] [INFO ] Records: 1141 | Chunks: 23 | Chunk size: 50 | backend=Python
[2026-03-28 08:59:55] [INFO ] Chunk 0 skipped (already DONE)
[2026-03-28 08:59:55] [INFO ] Chunk 1 skipped (already DONE)
[2026-03-28 08:59:55] [INFO ] Chunk 2 skipped (already DONE)
[2026-03-28 08:59:55] [INFO ] Chunk 3 skipped (already DONE)
[2026-03-28 08:59:55] [INFO ] Chunk 4 skipped (already DONE)
[2026-03-28 08:59:55] [INFO ] Chunk 5 skipped (already DONE)
[2026-03-28 08:59:55] [INFO ] Chunk 6 skipped (already DONE)
[2026-03-28 08:59:55] [INFO ] Chunk 7 skipped (already DONE)
[2026-03-28 08:59:55] [INFO ] Chunk 8 skipped (already DONE)
[2026-03-28 08:59:55] [INFO ] Chunk 9 skipped (already DONE)
[2026-03-28 08:59:55] [INFO ] Chunk 10 skipped (already DONE)
[2026-03-28 08:59:55] [INFO ] Chunk 11 skipped (already DONE)
[2026-03-28 08:59:55] [INFO ] Chunk 12 skipped (already DONE)
[2026-03-28 08:59:55] [INFO ] Chunk 13 skipped (already DONE)
[2026-03-28 08:59:55] [INFO ] Chunk 14 skipped (already DONE)
[2026-03-28 08:59:55] [INFO ] Chunk 15 skipped (already DONE)
[2026-03-28 08:59:55] [INFO ] Chunk 16 skipped (already DONE)
[2026-03-28 08:59:55] [INFO ] Chunk 17 skipped (already DONE)
[2026-03-28 08:59:55] [INFO ] Chunk 18 skipped (already DONE)
[2026-03-28 08:59:55] [INFO ] Chunk 19 skipped (already DONE)
[2026-03-28 08:59:55] [INFO ] Chunk 20 skipped (already DONE)
[2026-03-28 08:59:55] [INFO ] Chunk 21 skipped (already DONE)
[2026-03-28 08:59:55] [INFO ] Chunk 22 skipped (already DONE)
[2026-03-28 08:59:55] [INFO ] Finished — done=0 skipped=23 failed=0 elapsed=0.011106000049039721s
[2026-03-28 08:59:55] [INFO ] ---------- chunkflow session ended (Python backend) ----------
